P1,P2,P3,P4,Y1,Y2,Y3,Y4,M1,M2,M3,M4,M5 ,M6,M7,M8,M9,M10,M11,M12,M13,M14,M15,M16,M17,M18,M19,M20,M21,M22,M23,M24,M25,M26,spontaneity
-0.51930068,1.253719375,-0.731966673,-1.676457578,0.729917421,-0.847404817,-0.833314214,-0.435739248,1.809489709,-0.603755046,0.37454256,-0.602525378,-0.229682113,-0.358908441,-0.424237774,0.252401027,-0.96502449,-0.230398361,-0.204896386,0.623990421,0.471355263,-0.19765661,-0.23511864,-0.094375172,-0.292337808,3.986111203,0,-0.32098555,-0.226569569,-0.406060784,-0.616414336,-0.606677907,0.181521614,-0.872321181,0.3
2.627332874,-1.639483864,-0.908380764,-1.680828875,0.729974216,-0.908666115,-1.102826291,-0.102014038,1.375954058,-0.666759031,2.17054611,-0.602525378,-0.135339843,-0.423427674,-0.413840745,0.202490159,-1.141066661,-0.230398361,-0.204896386,1.363948014,1.064047165,-0.19765661,-0.23511864,-0.468564868,-0.292125818,1.846241665,0,-0.32098555,-0.053851265,-0.290582842,-0.587921929,-0.588502307,0.697813447,-1.136144241,0.2
1.428149074,-0.529424156,-0.848754772,-2.047393349,0.697121672,-1.10029831,-0.574315964,0.284446839,0.904364984,1.324616657,-0.94859322,-0.602525378,2.159603986,-0.174537329,-0.425589598,-0.776693451,-0.509813931,-0.230398361,-0.204896386,0.377683409,0.375795688,-0.19765661,-0.23511864,0.429181344,-0.293769333,0.301659619,0,-0.32098555,-0.010187027,-0.139487692,-0.498990517,-0.498992845,-0.868623631,-0.638885075,0.3
1.655411668,-0.642192126,-0.955687336,-1.713301367,0.660810764,-1.029988792,-0.866455285,0.103423081,1.501100971,0.351082436,-1.090162872,-0.589162393,0.35705575,-0.298284461,-0.425589598,0.120616033,-0.606523025,-0.230398361,-0.204896386,0.496222942,0.352582902,-0.19765661,-0.23511864,-0.383746144,-0.23150833,1.817355431,0,-0.32098555,-0.084635114,-0.189958603,-0.539051967,-0.537036839,0.147759491,-0.43900937,0.1
1.329204816,-0.438807037,-0.842841451,-2.050515704,0.72101013,-0.8561813,-1.325743763,0.209092279,1.467646527,-0.544100187,0.565537462,-0.574790811,1.049281796,-0.237522885,-0.368020731,-0.895172214,-0.435881657,-0.230398361,-0.204896386,0.966531938,0.773997573,-0.19765661,-0.23511864,-0.468846159,-0.293906889,0.963290696,0,-0.32098555,0.132990756,0.000279002,-0.480053791,-0.47053317,-0.900834995,-0.388607398,0.2
1.851754181,-1.459759911,-0.343165786,-0.991412897,0.670868397,-0.543675242,-0.157459451,-0.29514648,1.057247917,-1.054522434,0.91239592,-0.599582649,-0.155927143,-0.459946623,-0.425589598,0.099983379,-0.549046093,-0.230398361,-0.204896386,0.937123502,0.769067089,-0.19765661,-0.23511864,-0.469070144,-0.301079295,3.352003404,0,-0.32098555,-0.313872125,-0.343432517,-0.586146319,-0.581946287,0.433500893,-0.623864341,0.1
1.740957225,-0.999626318,-0.687123985,-2.13544376,0.715980563,-1.251600038,-0.671729375,-0.141867141,0.86741351,-1.118299963,0.417270187,-0.602525378,2.05743904,-0.376503259,-0.425589598,-1.115333507,0.864579512,-0.230398361,-0.204896386,0.35066965,0.620619383,-0.19765661,-0.23511864,1.911542374,-0.122690871,0.882452058,0,-0.32098555,-0.266938884,-0.310354262,-0.545898172,-0.542715865,-1.098436961,0.707228701,0.1
-1.028451344,-0.925118909,-0.576249207,-1.534702662,0.661512178,-1.245841072,-0.564994835,-0.209221052,-0.231751687,-0.585627411,-0.295715075,-0.583297149,1.522661198,-0.130440058,-0.372027425,-1.008761096,0.281463197,-0.230398361,-0.204896386,-0.597332798,-0.341970011,-0.19765661,-0.23511864,0.988650256,-0.300887869,0.002121877,0,-0.306341648,-0.407445816,-0.401329465,-0.518806903,-0.51703447,-0.948009362,-0.074270196,0.2
1.325082138,-0.626082416,-0.655586271,-1.788237886,0.729974216,-0.995191179,-0.327168875,-0.155710188,0.325370923,-1.006528526,0.042617643,-0.602525378,2.227562124,0.034232521,-0.410074904,-1.016900283,-0.432347902,-0.230398361,-0.204896386,-0.217055994,-0.045497083,-0.19765661,-0.23511864,0.117519422,-0.301079295,0.15203998,0,-0.32098555,-0.351268296,-0.382599638,-0.561683368,-0.569115349,-0.938804163,-0.742563961,0.2
2.217126469,-1.08923658,-1.055228247,-1.647731912,0.616477198,-0.731356214,-0.710642862,-0.051578713,0.166481795,-0.935802469,-0.344998094,-0.589288322,2.105237609,-0.243569999,-0.343935967,-0.790582971,-0.624449437,-0.230398361,-0.204896386,0.119702005,0.297857537,-0.19765661,-0.23511864,-0.011562424,-0.300894926,0.505244412,0,-0.32098555,-0.398885488,-0.385344817,-0.525321379,-0.519324274,-0.696797554,-0.662738454,0.2
-0.825924815,1.534632444,-0.713733932,-1.359226313,0.72138725,-1.254311368,-0.650886143,-0.122461221,1.077043081,-0.610725834,-0.85035226,-0.602525378,1.8882566,0.41431424,-0.425589598,-1.045838503,0.678770014,-0.230398361,-0.204896386,-0.268596871,-0.087333784,-0.19765661,-0.23511864,0.805565759,-0.300322004,0.945103379,0,-0.32098555,0.416231556,0.211630356,-0.257050739,-0.225243153,-1.00572674,0.501074675,0
1.695092438,-0.635144128,-1.000037247,-1.780119763,0.571546032,-1.01401284,-0.808456231,-0.135748009,0.715678412,-0.206474246,-0.710516626,-0.568528919,1.686142009,1.511461356,-0.277600932,-0.401309097,-0.100432139,-0.230398361,-0.204896386,-0.213115955,-0.225656766,-0.19765661,-0.23511864,0.703369253,-0.301079295,1.306974136,0,-0.32098555,0.915318896,0.657368274,0.136671067,0.173268508,-0.592499583,-0.000618955,0.3
0.932912447,0.168327661,-1.058184908,-1.680828875,0.728807963,-0.942385401,-0.460469792,-0.611772744,0.269044941,-0.231306396,-0.954522956,-0.602525378,0.959042544,-0.460378661,-0.425589598,-0.865811891,-0.531551941,-0.230398361,-0.204896386,0.076769164,0.287015531,-0.19765661,-0.23511864,-0.465674026,-0.301079295,2.3973564,0,-0.32098555,-0.278051863,-0.316743674,-0.534682626,-0.537484328,-0.940393265,-0.021559772,0.2
-0.769238,1.813531799,-1.04093772,-1.466010853,0.720936543,-0.560218518,-0.986983423,-1.396515454,1.17630268,-0.886596121,-0.01772993,-0.602525378,0.183373404,-0.211062095,-0.425589598,-0.105881749,-1.027366364,-0.230398361,-0.204896386,0.361925439,0.445767719,-0.197035983,3.970725569,-0.470088307,-0.301079295,1.249379204,0,-0.32098555,-0.071170426,-0.136319856,-0.634938012,-0.641889341,0.0785265,-1.056647603,0.1
1.545645381,-0.701093254,-0.781737129,-1.688946998,0.7143889,-1.166148755,-0.694225429,-0.473374003,0.888302098,-0.951982882,-0.312597958,-0.602525378,1.400415853,-0.452537877,-0.420467695,-0.884113705,-0.778018965,-0.230398361,-0.204896386,1.488501504,1.55729785,-0.19765661,-0.23511864,-0.470088307,-0.30079337,0.743798883,0,-0.32098555,-0.23233081,-0.255619476,-0.639474577,-0.647903106,-0.727356616,-0.786577404,0.1
0.119714323,0.705989233,-0.806868745,-1.810718842,0.725687068,-0.407809665,-1.166013882,0.261408106,0.47984638,-0.487519836,-0.881838767,-0.602525378,6.876656235,-0.480095579,-0.425589598,-1.082056665,1.536964507,-0.230398361,-0.204896386,0.640508469,1.224539383,-0.19765661,-0.23511864,1.865463338,-0.301079295,-0.077236472,0,-0.32098555,-0.424832076,-0.424561103,-0.621874045,-0.628947567,-1.088281728,1.844138852,0
-1.146462985,1.868908928,-0.734430557,-1.605892356,0.711052317,-0.426425902,-1.486035335,0.474225384,0.467243363,-0.974338385,0.814345909,-0.602525378,5.555678383,-0.474511882,-0.425589598,-1.067320672,-0.237055142,-0.230398361,-0.204896386,1.089477525,1.090429955,-0.19765661,-0.23511864,-0.354426698,-0.301079295,0.013748576,0,-0.32098555,-0.314961952,-0.303173243,-0.640958934,-0.646571499,-0.868873888,-0.768506004,0.1
1.610062216,-0.670384119,-0.884234701,-1.597774233,0.642403134,-0.600894455,-0.917708663,0.31707788,1.319013678,-0.70249193,0.547604243,-0.602525378,3.110294926,-0.477980477,-0.425589598,-0.785820573,-0.484332454,-0.230398361,-0.204896386,1.903000171,1.77248645,-0.19765661,-0.23511864,0.55378751,-0.284855044,1.245207668,0,-0.32098555,-0.28256027,-0.253313372,-0.571419735,-0.575202703,-0.645874275,-0.4461219,0.1
2.356782167,-1.295138812,-0.98722505,-1.584660342,0.724077337,-0.405044186,-1.338096305,0.633230885,0.862259423,-0.798327547,-0.527706,-0.602525378,3.743266344,-0.395863529,-0.425589598,-0.157328334,-0.702258194,-0.230398361,-0.204896386,1.625870537,1.334830265,-0.19765661,-0.23511864,0.697837038,-0.1349814,0.097528341,0,-0.32098555,-0.281305568,-0.311007828,-0.592401856,-0.593065268,0.792290938,-0.617390988,0.3
1.132346968,-0.220822523,-0.86748029,-1.75264304,0.727939968,-0.753434905,-0.472770201,-1.066226613,1.536521221,2.052180616,-1.09663599,-0.60066836,1.172425696,-0.123824954,-0.425589598,-0.749719642,-0.856799862,-0.230398361,-0.204896386,0.69775108,0.262790572,-0.19765661,-0.23511864,2.663656227,-0.010309146,0.941650423,0,-0.32098555,0.521634688,0.191552181,-0.425750955,-0.419989228,-1.028320843,-0.00811214,0.3
0.18000848,0.870610333,-1.02566164,-1.47038215,0.729974216,-0.773102552,-0.394220899,-1.147188702,1.808871214,1.307996971,-1.052828572,-0.592351099,2.233542329,1.302294628,-0.425589598,-0.556555775,-0.758195271,-0.230398361,-0.204896386,0.600707876,0.654526362,-0.19765661,-0.23511864,-0.470052292,-0.301079295,1.35941398,0,-0.32098555,1.0502121,0.689420224,0.148633555,0.286555366,-1.042352694,-0.265891696,0.7
-0.900648343,1.448546181,-0.558016466,-1.532829249,0.536345921,-0.882794522,-0.778463448,-0.645582514,1.481821551,0.896155511,-1.09663599,-0.602525378,1.139991494,-0.094282039,-0.425589598,0.519902306,-1.136197451,-0.230398361,-0.204896386,0.242551348,0.11693743,-0.19765661,-0.23511864,1.33588053,-0.294736448,1.739374303,0,-0.32098555,-0.158656484,-0.283656317,-0.541600979,-0.527676785,0.116009304,-1.106941971,0.8
-0.880034956,0.474412152,0.375795551,-0.797826888,0.559877676,-0.209619051,0.070820655,-0.628094462,0.548680048,-0.666396774,0.385929235,-0.602525378,3.041340286,-0.152405545,-0.425589598,-0.737105799,0.080413511,-0.230398361,-0.204896386,0.474850245,0.720594868,-0.19765661,-0.23511864,-0.470088307,-0.290683064,-0.459662044,0,-0.316445444,-0.013429369,0.159734528,-0.019655243,-0.060959793,-0.557920295,-0.336192844,0.7
0.195983855,-0.244483659,0.051055647,-0.828425967,-0.331082571,-0.15593818,0.533528526,-1.90564904,-0.943977689,-1.165893282,2.358368513,-0.602525378,4.052436734,0.16221722,-0.425589598,-1.077853104,1.785993692,-0.230398361,-0.204896386,1.743631416,2.1977187,-0.19765661,-0.23511864,-0.470088307,-0.289263594,-0.459662044,0,-0.32098555,-0.120914349,-0.098560732,-0.432016467,-0.444580338,-1.001665151,1.281348605,0.8
2.023875964,-1.655593574,-0.315077509,-0.985792658,0.366424196,-0.686017208,0.325422433,-0.670291592,-0.251686147,-0.048853808,0.647275095,-0.480947943,1.724168429,1.170284794,-0.409207765,-0.412008397,0.079282229,-0.171937552,-0.114125798,-0.110197245,-0.148339113,-0.19765661,-0.23511864,-0.470088307,-0.300569617,-0.459662044,0,-0.32098555,0.959488287,1.009464275,0.713092672,0.692380166,-0.457646574,0.147370023,0.8
0.32533286,-0.096475698,-0.218000481,-0.804071598,0.227100372,-0.241810388,0.444630133,-0.566153065,0.221632759,-0.242559898,0.139408823,-0.488139729,0.450261414,-0.021170971,-0.406774813,-0.897012829,2.05531242,-0.230398361,-0.204896386,0.048926121,-0.002947499,-0.19765661,-0.23511864,-0.470088307,-0.301079295,0.063341699,0,-0.32098555,-0.440050781,-0.42536991,-0.563012881,-0.574352687,-0.736485042,2.257962578,0.8
0.615466284,0.37825732,-0.956180113,-0.672932689,-0.420880869,-0.196931674,0.635703669,-1.547296598,-0.664841048,-0.872797022,1.28090829,-0.352765469,2.346053396,5.367851029,-0.425589598,-0.530974109,0.157997281,-0.230398361,-0.204896386,1.543096604,1.566523699,-0.19765661,-0.23511864,-0.463697265,-0.264186895,-0.428667771,0,-0.32098555,2.648214808,2.763727715,2.15928924,2.126104995,-0.356045406,-0.344825466,0.8
1.45855382,-0.826446935,-0.587090297,-0.351330127,0.530280725,-0.721345186,0.496273744,-1.260037288,-1.018818113,-1.158361004,0.49713973,-0.602525378,-0.385657477,-0.463569709,-0.425589598,-0.233109109,-1.135686475,12.01445592,11.63755515,-0.823605903,-0.817278006,-0.19765661,-0.23511864,0.925756729,5.271423482,-0.459662044,0,-0.32098555,3.517378636,3.72497689,4.827652847,4.815902092,0.757371797,-1.142068665,0.8
-0.700183153,1.034224576,-0.344644116,-0.810316308,0.298826492,-0.376580137,0.403821588,-0.286065283,-0.450870743,-0.886606045,1.939446103,-0.602525378,0.596244778,-0.395208778,-0.425589598,-0.98094318,0.909940719,-0.230398361,-0.204896386,0.419623566,0.502198584,-0.19765661,-0.23511864,-0.468815196,-0.244202778,-0.459662044,0,-0.32098555,0.163503232,0.234638508,-0.031894913,-0.048958453,-0.955086412,1.012192361,0.8
-0.920746396,1.214451957,-0.309656964,-0.520561766,0.375003451,-0.101588814,0.154184704,0.908277576,1.389781626,-0.010535719,-0.863484799,-0.574127082,-0.385657477,-0.426998935,-0.425589598,-0.480509412,-0.578070812,-0.230398361,-0.204896386,0.416401076,0.586505261,-0.19765661,-0.23511864,-0.470088307,-0.301079295,-0.426896422,0,-0.32098555,0.372758521,0.443211486,0.711033333,0.701578778,-0.727976208,-0.467902515,0.8
-0.456429849,0.447730444,-0.0031498,-0.679177399,0.305171348,-0.28235742,0.032985144,1.609681921,1.751583876,-0.297351493,-0.758712899,-0.354677493,-0.295362276,-0.480095579,-0.425589598,-0.281358317,-0.652796451,-0.230398361,-0.204896386,-0.121214736,0.021749251,-0.19765661,-0.23511864,-0.470088307,-0.301079295,-0.459662044,0,-0.32098555,0.308312722,0.295925609,-0.0692649,-0.079452503,-0.448000976,-0.706009454,0.6
0.330486207,-0.024485432,-0.293888107,-1.013893852,0.397904442,-0.551856698,0.121008252,1.384128291,1.156555438,-0.625773123,0.004200774,-0.281494931,-0.385657477,-0.480095579,-0.425589598,0.268962396,-0.357845374,-0.230398361,-0.204896386,0.320661163,0.375289406,-0.19765661,-0.23511864,-0.470088307,-0.301079295,-0.459662044,0,-0.32098555,0.701057851,0.668100779,1.067078766,1.049171783,0.420828669,-0.540976355,0.8
0.8638576,0.115971103,-0.940904032,-0.828425967,0.260617855,-0.351228188,0.004510223,0.552235837,1.243950123,-0.917509698,-0.176766449,-0.322009759,-0.34755963,-0.241622769,-0.425589598,0.520959186,-0.40142233,-0.230398361,-0.204896386,1.07242328,0.966495706,-0.19765661,-0.23511864,-0.469450781,-0.301079295,-0.304715004,0,-0.32098555,0.539008935,0.573996028,0.246932746,0.235584091,0.900279405,-0.499111401,0.7
1.581718809,-1.005164031,-0.529928189,-0.957066992,0.192892437,-0.182988804,1.569479038,0.656654716,0.187216217,0.669195372,-0.938467036,-0.599557756,-0.330236031,-0.449555592,-0.425589598,0.799325282,-0.869281325,-0.230398361,-0.204896386,0.446387236,0.330635341,-0.19765661,-0.23511864,-0.392256632,-0.301079295,-0.459662044,0,-0.32098555,2.58867585,2.466213722,3.58605874,3.587126859,0.659607343,-0.916582557,0.5
0.250609331,0.407959598,-0.64031019,-0.834046206,0.336686043,-0.422166067,0.974704774,1.005826454,1.815497129,-1.139542864,0.33605432,-0.553109845,-0.367550444,-0.447765936,-0.423925463,-1.030211039,0.19675229,-0.230398361,-0.204896386,0.905120921,0.714731827,-0.19765661,-0.23511864,-0.470088307,-0.301079295,-0.459662044,0,-0.32098555,0.202146607,0.191898746,0.161310698,0.161678202,-0.982063525,0.045404343,0.4
-0.676477758,0.306770481,0.344750613,-0.945826514,-0.255020464,-0.307333946,0.684240621,-0.321598229,-0.07653939,-1.143347223,1.510421667,-0.600234363,0.982876568,-0.320810217,-0.425589598,-0.442221336,-0.519864867,-0.230398361,-0.204896386,0.619233848,0.51432521,-0.19765661,-0.23511864,-0.470088307,-0.301079295,-0.396844788,0,-0.32098555,0.22409597,0.229721165,-0.046813957,-0.083212057,0.218741485,-0.766719146,0.5
0.254732009,-0.591849282,0.334402301,-0.387549444,0.399897174,-0.401585896,0.478366994,0.595122021,0.348206079,-1.082550582,-0.543716853,-0.598038619,0.31597476,0.07422064,-0.425589598,-0.571291872,0.212227465,-0.230398361,-0.204896386,0.501581359,0.390396093,-0.19765661,-0.23511864,-0.470088307,-0.301079295,-0.459662044,0,-0.32098555,0.713928187,0.652644019,0.434911303,0.425901828,-0.385276608,0.302269188,0.5
0.351099594,-0.589835569,0.240774711,-0.980172419,0.507022836,-0.207497089,0.692187514,0.848333687,0.769858797,-1.077839851,0.080406525,0.201716137,-0.337617406,1.82981704,0.050301715,-0.609591089,-0.401588633,-0.230398361,-0.204896386,-0.074033073,-0.060085761,-0.19765661,-0.23511864,-0.470088307,-0.301079295,0.045244375,0,-0.289520365,-0.019491602,-0.012317347,0.161078525,0.147473513,-0.495727975,-0.026593833,-0.9
0.84736689,-1.617836441,0.771988091,-0.934586036,0.585956301,-0.391711864,0.692698621,0.136092092,0.629154015,-0.627965168,-0.177365509,-0.593773953,0.363011766,-0.396928364,-0.425589598,-1.135934359,0.280179843,-0.230398361,-0.204896386,2.164693216,1.953654445,-0.19765661,-0.23511864,-0.470088307,-0.301079295,0.483201947,0,-0.32098555,0.242405222,0.340780127,-0.13184841,-0.153279712,-1.134663183,0.479583545,0.7
-0.437877801,0.957703453,-0.520072653,-0.997033136,0.635714598,-0.213792708,1.114373789,0.520865893,1.451578479,-0.229274485,-0.982623114,-0.570487921,-0.259546418,0.277746755,-0.418496212,0.616813548,-1.098835646,-0.230398361,-0.204896386,0.78054224,0.464654004,-0.19765661,-0.23511864,-0.470088307,-0.301079295,-0.42962944,0,-0.32098555,-0.197398655,-0.219278347,-0.410832476,-0.418422028,0.251581608,-1.094513078,0.6
-0.424479099,1.314634216,-0.87832138,-0.910856138,0.442276941,-0.215759298,0.472852879,1.730063134,1.046855135,-0.843641449,-0.36686906,-0.449049954,-0.385101016,-0.363115365,-0.425589598,-0.543366315,-0.628864489,-0.230398361,-0.204896386,0.753785438,0.701597637,-0.19765661,-0.23511864,-0.470088307,-0.301079295,-0.430780339,0,-0.32098555,0.350424823,0.309252817,0.695105691,0.675529199,-0.290823067,-0.790961657,0.9
-0.130222997,-0.315467069,0.431972105,-0.773472519,0.10783336,0.384952124,0.411267164,1.723036083,1.04587316,-0.635139867,-0.668093282,-0.476117845,-0.379387259,-0.478730489,-0.421180836,-0.337918343,-0.705236548,-0.230398361,-0.204896386,0.328993978,0.356891265,-0.19765661,-0.23511864,-0.467291082,-0.301079295,-0.458438676,0,-0.32098555,0.106738814,0.104587903,0.349232527,0.330061975,-0.120624961,-0.744595001,0.4
-0.534245386,0.441185875,0.077665593,-0.870265524,0.102240211,-0.322546048,0.794528237,0.858198435,1.297742772,-0.852802588,-0.320594908,-0.602525378,-0.287481058,-0.2382955,-0.418086078,-0.22958593,-1.137984607,-0.230398361,-0.204896386,1.204045028,0.875417303,-0.19765661,-0.23511864,-0.470088307,-0.301079295,-0.459662044,0,-0.32098555,-0.209267134,-0.221338253,-0.388541975,-0.403222345,-0.036911296,-1.145915367,0.5
-0.568257475,-0.042608855,0.583747357,-0.928341326,0.361982569,0.149807682,0.928435349,1.260110058,0.377696671,-0.329563891,-0.989033328,-0.602525378,-0.314412251,-0.428466918,-0.425589598,0.592989768,-1.010415876,-0.230398361,-0.204896386,1.06811832,0.509903482,-0.19765661,-0.23511864,-0.470088307,-0.285000501,-0.459662044,0,-0.32098555,1.520827263,1.240675843,2.734869341,2.723914628,1.202032066,-1.083360189,-1
1.968219819,0.518713854,-0.420038965,-0.607987706,-0.138176852,-0.367778756,0.790395513,0.918279433,-0.0460741,-0.601670455,-0.547655263,-0.602509258,0.142981069,-0.387657512,-0.425589598,0.062292211,-0.905208089,-0.230398361,-0.204896386,0.550050064,0.192085911,-0.19765661,-0.23511864,-0.46964934,-0.296636198,-0.4445165,0,-0.32098555,3.252052403,2.975433474,2.830590539,2.805370212,0.471687464,-0.959664489,-1
0.58196953,-0.099496269,-0.460446662,-0.773472519,0.347022455,-0.524121671,0.385476924,-0.987112981,-0.581377236,-0.313803223,-0.24205867,-0.575192041,4.6761438,2.867037945,-0.424405156,0.871414882,-0.848208934,-0.230398361,-0.204896386,0.706346965,0.412600276,-0.19765661,-0.23511864,-0.470088307,-0.300137443,-0.447637964,0,-0.32098555,2.962238621,2.669415254,1.7969123,1.790801272,1.101897537,-0.926720596,-1
-1.127395602,-0.27972365,1.351000819,-0.828425967,0.408673441,-0.431284903,0.368045032,-1.18209657,0.007365298,-0.695782357,-0.10395492,-0.602525378,0.206744244,-0.244455321,-0.425589598,-0.197431726,-0.384719977,-0.230398361,-0.204896386,0.912417451,0.468604999,-0.19765661,-0.23511864,-0.470088307,-0.294218247,-0.459662044,0,-0.32098555,1.303660861,1.16747746,0.676643821,0.678182977,-0.202071573,-0.312088046,-1
0.555687462,0.469377867,-0.992152818,0.098913461,0.097645665,-0.685875168,-0.407975479,-0.637508193,1.573597742,-0.747675334,0.455666281,-0.411634767,-0.299001421,-0.480095579,0.01977239,-0.364307428,0.039075945,-0.230398361,-0.204896386,-0.827644723,-0.819620452,-0.19765661,-0.23511864,-0.470088307,-0.301079295,-0.459662044,0,0.215825699,-0.542608944,-0.516004391,-0.472843014,-0.481801302,-0.360611868,-0.144062406,0.8
-0.451791837,1.485296457,-1.023197756,0.150744553,0.113502859,-0.854173574,-0.108782571,-0.681114921,1.084015413,-0.038015488,-0.679728909,-0.042841776,-0.372214591,-0.480095579,-0.402521276,0.058655841,-0.517591589,-0.230398361,-0.204896386,-0.793064606,-0.8087672,-0.19765661,-0.23511864,-0.470088307,-0.301079295,-0.459662044,0,-0.216639755,-0.503841682,-0.507388667,-0.23435241,-0.240557573,-0.034201652,-0.479792957,-0.3
0.361406287,0.644570964,-0.977862291,0.257529093,-0.370112297,-0.615126391,-0.177352976,-0.628499553,1.284362616,0.743992586,-0.743688995,-0.247685313,-0.375269575,-0.480095579,-0.425589598,-0.134197694,-0.461635444,-0.230398361,-0.204896386,-0.664833169,-0.674070757,-0.19765661,-0.23511864,-0.464669585,-0.301079295,-0.292105228,0,-0.318854236,0.119523664,0.108295058,-0.190034423,-0.201055466,-0.430709225,-0.218022357,0.6
0.786557398,0.323887048,-1.070504328,0.098913461,0.034676213,-0.342201628,-0.320449507,-0.557974449,1.250076155,-0.326986775,-0.719490496,-0.209104189,-0.368115208,-0.480095579,-0.423902732,0.110534393,-1.025780503,-0.230398361,-0.204896386,-0.685106427,-0.685756202,-0.19765661,-0.23511864,-0.470088307,-0.301079295,-0.305214466,0,-0.264551192,-0.337807117,-0.362583058,0.113669637,0.10765157,-0.072874599,-0.915116469,0.6
-0.622367616,1.151523402,-0.533377627,0.266271687,-0.631292267,-0.986421151,-0.310819437,-0.53550589,0.849262539,0.286917104,-0.846621461,0.588434726,-0.268931888,-0.345297225,-0.345531858,0.093364595,-0.624374263,-0.228300513,-0.204896386,-0.795190296,-0.813212816,-0.19765661,-0.23511864,-0.470088307,-0.299940012,-0.459662044,0,-0.262464356,-0.150152224,-0.181922603,0.849516509,0.836461425,-0.035785098,-0.51878201,-0.2
-1.068132114,2.010372319,-0.947802907,-0.178351661,0.336650462,-0.598266596,-0.60588703,-1.780813745,1.587662734,-0.351094157,-0.217965989,-0.21353411,-0.381390405,-0.480095579,-0.40876215,-0.472286205,-0.110792944,-0.230398361,-0.204896386,-0.687080433,-0.675343963,-0.19765661,-0.233888883,-0.470088307,-0.258785615,-0.214363512,0,-0.281910931,-0.521938088,-0.52011244,-0.267492469,-0.259687206,-0.6025548,-0.118811512,0.6
-0.06889817,0.896285183,-0.812782067,-0.679177399,0.210367563,-0.704690377,-0.313649135,-1.243597557,1.204682862,1.176158902,-0.654737225,-0.429017052,-0.366111785,-0.480012302,-0.42514105,1.588988022,-1.091536375,-0.230398361,-0.204896386,-0.546758855,-0.545647755,-0.19765661,-0.23511864,-0.470088307,-0.154396871,0.070230676,0,-0.32098555,-0.340214785,-0.389139297,-0.209332565,-0.214669251,1.580909313,-1.110900738,0.7
-0.595054878,1.696232973,-1.092679283,0.358693395,0.258262706,-0.050751461,-0.447906108,-1.388885266,1.344859991,-0.565084612,-0.454703732,0.215543209,-0.144604324,-0.480095579,-0.422778536,-0.793492498,0.090632051,-0.230398361,-0.204896386,-0.826282027,-0.813837924,-0.19765661,-0.23511864,-0.470088307,-0.301079295,-0.453331555,0,-0.296789575,-0.540703137,-0.511912334,0.024217176,0.020878345,-0.764595677,0.287196831,0.7
-0.509509321,1.39719648,-0.88127804,0.552279403,0.132948251,-0.846907628,-0.610142503,-1.221096657,1.650628303,0.079085569,-0.402060811,0.122299784,-0.313136783,-0.480095579,-0.284159059,0.556925899,-0.472062001,-0.230398361,-0.204896386,-0.82771777,-0.822181396,-0.19765661,-0.23511864,-0.470088307,-0.301079295,-0.459662044,0,-0.104755602,-0.561567769,-0.531595022,-0.014721279,-0.01403008,0.556343815,-0.502423677,0.8
-0.595054878,1.312117074,-0.716690593,0.185714929,0.729974216,-0.68804578,0.584701282,-1.295771393,1.662319048,-0.847466054,-0.276041038,-0.433075132,-0.327709442,-0.480095579,-0.08542162,-0.624949329,0.459819322,-0.230398361,-0.204896386,-0.537864711,-0.543121282,-0.19765661,-0.23511864,-0.470088307,-0.276426244,-0.232320824,0,0.328449229,-0.566424638,-0.544553868,-0.436727603,-0.439871048,-0.559405722,0.606566885,0.8
0.5830002,0.448233873,-0.997573363,0.194457523,0.368498122,-0.024778536,-0.094373731,-0.497236736,1.719339616,0.196338165,-1.095697408,-0.367405624,-0.306942029,-0.480095579,-0.160352839,-0.510392649,-0.315688398,-0.230398361,-0.204896386,-0.802929516,-0.802695161,-0.19765661,-0.23511864,-0.470088307,-0.301079295,-0.459662044,0,-0.238610545,-0.431104118,-0.433339503,-0.506144715,-0.512246459,-0.690676266,5.74E-05,0.9
-0.191547824,1.734493534,-0.579698645,0.622844626,0.213098365,-0.568633339,-0.508816012,-0.771639395,1.500866271,-0.44577256,-0.326568825,-0.427261678,-0.2830879,-0.480095579,-0.311228366,-0.630534795,-0.045184174,-0.230398361,-0.204896386,-0.82771777,-0.822146467,-0.19765661,-0.23511864,-0.470088307,-0.27042029,-0.459662044,0,-0.265028077,-0.566424638,-0.544553868,-0.589691291,-0.597744748,-0.442050187,0.007844429,0.5
0.438706489,0.717064659,-1.122738668,0.415520255,0.223926436,-0.037108541,-0.389332654,-0.004466878,1.265992741,1.305752214,-0.995396765,-0.152553629,-0.159610705,-0.480095579,-0.3627954,1.128539967,-0.500240424,-0.230398361,-0.204896386,-0.691613922,-0.690171574,-0.19765661,-0.23511864,-0.470088307,-0.300021945,-0.258584547,0,-0.11564147,-0.501155462,-0.485766207,-0.409036276,-0.415919606,1.491441092,-0.251734949,0.5
0.287198093,0.379264177,-0.647209065,0.115774178,0.415651442,0.168475636,-0.288640212,0.115904894,1.575700601,0.053499768,-0.645161885,-0.422475377,-0.385262924,-0.480095579,-0.356017894,0.4536923,-0.130260111,-0.230398361,-0.204896386,-0.760663401,-0.799199568,-0.19765661,-0.23511864,-0.467215694,-0.300141516,-0.459662044,0,-0.267758454,-0.479674865,-0.479334604,-0.274467982,-0.282449377,0.881331174,-0.00690707,0.6
0.015101383,0.900816039,-0.898032451,0.833915822,0.494176759,-0.520166124,-0.347844907,0.247804251,1.278190706,0.228090495,0.288212628,0.135695383,-0.335234674,-0.480095579,-0.353025773,-0.725396313,0.170813175,-0.230398361,-0.204896386,-0.549587544,-0.568192829,-0.19765661,-0.23511864,-0.470088307,-0.288714637,0.050534093,0,-0.320625346,-0.358626085,-0.367122665,-0.29370478,-0.311033646,-0.774332598,0.236405892,0.5
-0.697606479,1.651427842,-0.951252345,0.724008927,0.563062696,0.066272814,-0.20157409,0.217912281,1.606519057,-0.419171405,0.502788796,-0.5245612,-0.381423711,-0.480095579,-0.294962424,-0.843884141,0.601639272,-0.230398361,-0.204896386,-0.372518361,-0.380298252,-0.19765661,-0.23511864,-0.470088307,-0.291281873,0.405269406,0,-0.19172937,-0.566424638,-0.544553868,-0.623613983,-0.633396967,-0.844848775,0.204513568,0.5
0.522706042,0.333955617,-0.828058147,0.150744553,-0.99744498,-1.010026187,-0.509411507,-0.08584148,1.728381263,-0.938823175,-0.455105286,-0.366701563,-0.385657477,-0.480095579,-0.357865783,-0.991241113,-0.367954303,-0.230398361,-0.204896386,-0.82771777,-0.822181396,-0.19765661,-0.23511864,-0.470088307,-0.298108809,-0.459662044,0,-0.201944152,-0.523281007,-0.492661906,-0.30429028,-0.331358608,-0.852983481,-0.477649449,0.4
0.121775661,0.775965786,-0.877335826,0.064567556,-3.668083068,-2.380330193,-0.717911297,-0.05326685,1.152758306,-0.221406384,-0.583822059,-0.497778087,-0.339884358,-0.480095579,-0.161272495,0.152617381,-0.334104041,-0.230398361,-0.204896386,-0.722818757,-0.78223305,-0.19765661,-0.23511864,-0.461815983,-0.058332721,-0.459662044,0,0.0679341,-0.458452417,-0.43510592,-0.507155557,-0.521519614,0.553675531,-0.370545803,0.5
0.150119069,0.904843467,-1.030096631,-0.292629853,0.594776507,-0.469750247,-0.252233176,-1.168331593,1.569025187,-0.217775797,0.565820162,-0.454625533,-0.283011655,-0.459572366,-0.425589598,-0.307765866,-0.847524096,-0.230398361,-0.204896386,-0.805726883,-0.798812181,-0.19765661,-0.23511864,-0.470088307,-0.276088339,-0.414895462,0,-0.31983017,-0.364508711,-0.338568968,0.045592116,0.020954763,-0.118477569,-0.903404733,0.7
-0.144652368,1.183239394,-1.021226649,0.990033571,0.405233039,0.800037824,-0.26293556,-1.166827202,2.171712182,-0.832282434,0.868000175,-0.493446111,-0.314015947,-0.480095579,-0.348628154,-0.728009008,1.336166585,-0.230398361,-0.204896386,-0.750654147,-0.763542201,-0.19765661,-0.23511864,-0.470088307,-0.301079295,-0.45229348,0,-0.157756372,-0.357765048,-0.367027995,-0.41522628,-0.426291137,-0.797450243,0.986520279,0.6
-0.653287697,1.209921101,-0.560973127,0.377427524,0.157685524,-0.254336028,-0.497484114,-0.956648735,1.957141169,-0.923593112,-0.456905222,-0.167452506,-0.323538125,-0.480095579,-0.320938792,-0.922435274,-0.244953346,-0.230398361,-0.204896386,-0.76743131,-0.78780867,-0.19765661,-0.23511864,-0.470088307,-0.301079295,-0.459662044,0,-0.203649576,-0.399852428,-0.408443957,-0.104430911,-0.107972239,-1.004133434,-0.190775823,0.8
0.56650949,0.360133896,-0.895568567,-0.247667942,0.408467976,-0.544246929,-0.631732116,-1.203431179,1.930618093,-0.804388036,0.627506147,-0.489484832,-0.385509728,-0.480095579,-0.425589598,-0.933413883,0.429643115,-0.230398361,-0.204896386,-0.521254214,-0.51344952,-0.19765661,-0.233367419,-0.470088307,0.000699451,0.121121633,0,-0.32098555,-0.558517878,-0.533004503,-0.500432648,-0.5121454,-0.848838438,-0.052955885,0.6
0.421700445,0.424069308,-0.819680942,0.482963123,0.560366597,-0.380830106,-0.547790717,-0.764166933,2.332401918,-0.883499793,-0.251697947,-0.428590634,-0.385657477,-0.480095579,-0.33377751,-0.22147537,-0.218980966,-0.230398361,-0.204896386,-0.824482679,-0.822181396,-0.19765661,-0.23511864,-0.470088307,-0.218479505,-0.364524286,0,-0.313109909,-0.566424638,-0.544553868,-0.334958935,-0.344516521,-0.19634402,-0.238331133,0.8
0.387173021,0.282605916,-0.648194619,0.150744553,-0.055764497,-0.403208949,-0.555360501,-0.816699169,2.010065128,-0.851014886,0.409704539,-0.224633678,-0.384538326,-0.480095579,-0.423774512,-0.672883231,-0.346400939,-0.230398361,-0.204896386,-0.82771777,-0.822181396,-0.19765661,-0.23511864,-0.470088307,-0.301079295,-0.459662044,0,-0.302764041,-0.46010104,-0.456895947,-0.036114013,-0.05310446,-0.705740226,-0.588826796,-0.3
-0.700698488,-1.108366861,1.753599457,1.227332549,-0.396908559,-0.233517957,-0.34119948,0.965220622,0.208382495,-0.397487739,1.543194087,-0.602319549,-0.25973851,-0.480095579,-0.425589598,-0.609436205,-0.231165455,0.047555908,0.069421685,-0.82771777,-0.822181396,-0.19765661,-0.23511864,-0.470088307,-0.301079295,-0.459662044,0,2.450833779,-0.050123059,-0.074701095,-0.400016966,-0.413997545,-0.513589254,-0.347048526,0.5
-1.141309639,-1.771382115,2.823910645,1.276665757,-1.046169574,-0.388099291,0.085511743,-0.791668983,-0.908367846,0.939925733,-1.068609002,-0.490125332,-0.385657477,-0.230599521,-0.395900275,0.145572515,-1.019845035,1.923720258,1.866584618,-0.82771777,-0.822181396,-0.19765661,-0.23511864,-0.470088307,-0.301079295,-0.457432646,0,0.604991976,0.103136331,0.193683629,2.618271997,2.603002477,0.14244961,-0.872115963,0.5
-1.0500954,-0.95381433,1.936419646,1.352226748,-0.721952597,-0.822533565,-0.209112816,0.820079308,-0.363286698,-0.575331817,0.006335601,-0.589691409,-0.260893144,-0.480095579,-0.201831857,-0.737246742,0.977846595,1.733521953,1.600005717,-0.82771777,-0.822181396,-0.19765661,-0.23511864,-0.470088307,-0.301079295,-0.459662044,0,1.739351311,-1.754149044,-1.603570005,-1.34057983,-1.326041952,-0.746403201,1.246136734,0.5
-0.39046701,-1.58259645,1.921143565,1.528327568,-0.145972946,-0.698250187,-0.23996497,0.846093602,1.253348233,-0.818539228,-0.614892955,-0.589239591,-0.335741678,-0.236929212,-0.305831079,-0.424573353,-0.523768105,-0.230398361,-0.204896386,-0.82771777,-0.822181396,-0.19765661,-0.23511864,-0.470088307,-0.301079295,-0.459662044,0,1.527614084,-0.335580999,-0.328443209,-0.516747204,-0.528866451,-0.26303299,-0.637045126,0.5
-0.821802137,-0.4700196,1.244561032,1.41654726,-0.620467342,-1.009593687,-0.298197532,1.144809241,-0.893931042,1.363479918,-1.031878054,-0.602525378,-0.385657477,-0.32608293,-0.425589598,0.445081092,-0.772073715,1.526165317,1.275930712,-0.82771777,-0.822181396,-0.19765661,-0.23511864,-0.470088307,-0.301079295,-0.459662044,0,-0.147162598,-0.662044508,-0.516521922,1.991111208,1.968471748,0.463581792,-0.604899654,0.5
-0.919200392,-0.780634947,1.641739125,1.363779461,-0.342855205,-0.63954326,0.016645177,-0.018335711,-0.190981035,0.512765527,0.20346161,0.369695513,-0.122271141,0.063801099,-0.289655513,1.148932874,-0.049781728,1.052328546,0.789813851,-0.82771777,-0.822181396,-0.19765661,-0.23511864,-0.470088307,-0.301079295,-0.459662044,0,0.266747594,0.804344903,0.660773237,1.01151954,1.017097935,1.149907047,-0.131798957,0.7
-0.324504171,-1.636966722,1.911288029,1.475247534,0.729974216,0.442914841,0.370819074,-1.271365501,-0.127224711,0.005138109,3.220120703,-0.031920068,0.456622717,-0.42393554,-0.26415818,0.595887326,2.728243915,-0.173010667,-0.173196055,-0.825774668,-0.816412023,-0.19765661,-0.23511864,-0.361460169,-0.155222074,-0.455717218,0,2.007250207,0.211213682,0.199777283,-0.131219354,-0.140289215,0.622702337,3.112704115,0.5
1.694577104,-2.067398037,0.401912721,1.469002824,0.729974216,0.442914841,0.370819074,-1.271365501,0.153159335,-0.720059308,0.762096306,-0.599559518,-0.277212676,-0.46864508,-0.359630799,-0.342791898,-1.025393686,-0.230398361,-0.204896386,-0.82771777,-0.822181396,-0.19765661,-0.23511864,-0.470088307,-0.301079295,-0.459376213,0,2.939752035,0.01582502,0.027590689,-0.346863262,-0.361868642,0.270742925,-1.095666754,0.7
-0.609484249,-1.099305149,1.657507983,1.239821969,-0.678979545,-0.49738799,-0.129897631,0.51207748,0.792864916,-0.601993079,0.475864068,-0.590240956,-0.352385597,-0.443686969,-0.326253708,-0.966494187,0.623582349,-0.230398361,-0.204896386,-0.82771777,-0.819928408,-0.19765661,-0.23511864,-0.470088307,-0.301079295,-0.459662044,0,4.273468954,-0.365454833,-0.339907939,-0.506217058,-0.514674173,-0.980642727,0.629775515,0.5
-0.511055325,-0.966903469,1.43378732,1.252311389,0.04449,-0.165461392,-0.534431822,0.664521275,0.684798699,-0.782992203,-0.094635427,-0.599832246,-0.376479287,-0.480095579,-0.423789498,-0.716145566,-0.3148553,-0.230398361,-0.204896386,-0.82771777,-0.822181396,-0.19765661,-0.23511864,-0.470088307,-0.301079295,-0.459662044,0,5.376862027,-0.419713896,-0.400017138,-0.56647288,-0.575829286,-0.726827554,-0.185543505,0.5
-0.927961081,-0.255559085,1.136150139,1.214843129,-0.874808257,-1.279239856,-0.299888118,0.37429711,0.759266361,-0.874376814,0.698311281,-0.602525378,-0.362944377,-0.480095579,-0.317526583,-0.987890416,0.74514283,-0.230398361,-0.204896386,-0.82771777,-0.822181396,-0.19765661,-0.23511864,-0.470088307,-0.301079295,-0.459662044,0,4.122334119,-0.245104608,-0.199989806,-0.460380822,-0.470653817,-0.955505217,0.448360888,0.5
0.339246896,-1.542825604,1.184442264,1.083079749,-0.929456956,-0.832851134,-0.491621028,1.549008971,0.774137852,-0.179866843,0.364762065,-0.602525378,-0.385657477,-0.480095579,-0.42491372,-0.45769613,0.442537572,0.072394944,0.175508299,-0.82771777,-0.822181396,-0.19765661,-0.23511864,-0.470088307,-0.301079295,-0.459662044,0,-0.022305088,-0.631626888,-0.601759357,-0.644320263,-0.653616668,-0.416212101,0.43080578,0.5
-0.983617227,-0.940725191,1.860039243,1.19048876,-0.013741446,0.022465789,0.598077316,1.851179918,-0.412230315,0.084656819,-0.335919551,-0.602525378,-0.382202186,-0.480095579,-0.369251804,-0.287174509,0.26823806,1.801513916,1.704022461,-0.82771777,-0.822181396,-0.19765661,-0.23511864,3.501980537,3.980542584,-0.334281647,0,0.232399809,-1.218382776,-1.138075173,-0.492540185,-0.493007027,-0.08027977,-0.075439181,0.5
-0.636796987,-0.542009867,1.138121246,1.20297818,-0.405656648,-0.903228586,-0.391245404,1.972930772,0.631274374,-0.301579087,0.183591635,0.207425104,-0.385657477,-0.480095579,-0.422773009,-0.488015161,-0.219434357,-0.176319012,-0.178713938,-0.82771777,-0.822181396,-0.19765661,-0.23511864,-0.470088307,-0.301079295,-0.4491451,0,2.666609847,-0.37624479,-0.378799876,-0.250059228,-0.254889945,-0.397187114,-0.239249109,0.5
-0.13383034,-1.327358232,1.425902891,1.227332549,-1.002411602,-0.765781613,-0.647390138,1.878513574,-0.335967882,0.090439251,-0.29286486,-0.596957798,-0.364213084,-0.465213095,-0.328943472,-0.468219814,-0.52167333,4.282450145,4.341521572,-0.82604126,-0.795231562,-0.19765661,-0.23511864,-0.470088307,-0.301079295,-0.341919736,0,0.452068359,-2.864753606,-2.653013682,-1.91722791,-1.913893889,-0.172919008,-0.635888123,0.5
-0.217829893,-1.247816538,1.428366775,1.20297818,-0.605297531,-0.550209244,0.165079302,1.892009451,0.598870251,-0.68216958,0.189834339,-0.602525378,-0.385657477,-0.480095579,-0.384469803,-0.594421003,-0.950090451,-0.230398361,-0.204896386,-0.82771777,-0.822181396,-0.19765661,-0.23511864,-0.470088307,-0.301079295,-0.459662044,0,2.339720746,-0.406030777,-0.39447302,-0.494117249,-0.50338811,-0.301461553,-1.01690357,0.5
0.676791111,-0.837018932,0.170800407,-0.075313947,-0.171583431,-0.626238642,-0.89439434,-1.748259015,0.04445979,-0.568844949,0.381124225,-0.574297946,-0.362057593,3.26143334,0.686375462,-0.115431831,0.243896491,1.819097706,2.139029029,-0.82771777,-0.822181396,-0.19765661,-0.23511864,-0.470088307,-0.301079295,-0.459662044,0,0.448968425,-1.352308737,-1.101430385,-0.740639572,-0.678975461,0.215519188,-0.091178049,0.5
0.44540584,-0.385947051,-0.049470819,0.569764591,0.01819257,0.173973629,-1.061859691,-1.381547694,0.960292582,-0.651816077,-0.691065537,-0.551591983,-0.366800709,-0.040388551,-0.425589598,-0.333551017,-1.064408798,-0.230398361,-0.204896386,-0.82771777,-0.822181396,-0.19765661,-0.23511864,-0.470088307,-0.301079295,-0.459662044,0,-0.230042225,0.004672026,0.046153735,-0.337603078,-0.33695693,-0.215870607,-1.102241573,0.5
-0.842415524,-0.592856139,1.384509641,1.214843129,-0.335539637,-0.761179848,0.445148399,-0.250402412,0.015184759,-0.573791024,-0.633582547,-0.602525378,-0.352430875,-0.276842293,-0.394941192,-0.848530076,-0.078813292,-0.230398361,-0.204896386,-0.82771777,-0.822181396,-0.19765661,-0.23511864,-0.470088307,-0.301079295,-0.459662044,0,2.778339571,0.01384855,0.034395954,-0.29343895,-0.306877963,-0.830601237,-0.046291829,0.5
-0.671324411,-1.239761683,1.854125922,1.20297818,0.068117789,-0.137098835,-0.097117408,0.209174746,1.240002952,-0.691165293,-0.663261506,-0.59589573,-0.385657477,0.403267244,-0.192680988,-0.847750822,0.056000185,-0.230398361,-0.204896386,-0.82771777,-0.822181396,-0.19765661,-0.23511864,-0.470088307,-0.301079295,-0.144585574,0,1.694789677,-0.045170988,-0.026473741,-0.379030726,-0.387642003,-0.719974481,0.051610869,0.5
-0.700183153,-0.733312674,1.385987971,1.19048876,-1.199403196,-1.417977361,0.161440383,-0.208721447,0.717962843,-0.691145042,0.299268811,-0.332885954,-0.361734521,-0.445045013,-0.369990146,-0.791101724,-0.296724675,-0.230398361,-0.204896386,-0.826133145,-0.790834273,-0.19765661,-0.23511864,-0.470088307,-0.301079295,-0.429108657,0,0.19968662,-0.463710129,-0.438092347,-0.41960641,-0.429789325,-0.73811355,-0.450929526,0.5
-1.147493655,-1.005164031,2.079817692,1.227332549,-0.675182048,-0.306156143,-0.138968986,0.400455519,-0.416294303,1.269734992,-0.94535932,-0.568772036,-0.34113258,0.062188633,-0.297162983,0.151823473,0.137593596,1.27835387,1.467667631,-0.82771777,-0.822181396,-0.19765661,-0.23511864,-0.470088307,-0.301079295,-0.401063493,0,-0.296792318,-0.642034851,-0.587951519,-0.48099587,-0.485932883,0.115807336,0.5712469,0.5
-1.252106595,-0.875782922,2.053207745,1.264176337,-0.376497923,-0.940962007,0.076420462,0.1916946,-0.011483354,-0.924892185,1.105996167,-0.4724379,-0.332504731,-0.393986764,-0.368386952,-0.90357091,0.62661806,0.036252594,0.118504143,-0.82771777,-0.822181396,-0.19765661,-0.23511864,-0.469885504,-0.300192029,-0.44916329,0,0.833055124,-0.677993767,-0.647912111,-0.651677349,-0.659996761,-0.894088528,0.657155746,0.4
3.243157816,-2.007490053,-1.137029195,-0.32197999,0.118600634,-0.674135725,-0.550958459,-0.055272277,-1.018818113,-1.059273807,2.497792248,0.868681751,-0.366069115,-0.480095579,-0.425589598,-1.080113386,1.487572719,-0.230398361,-0.204896386,3.007317177,3.112721916,-0.19765661,-0.23511864,-0.470088307,-0.299504681,-0.345563811,0,-0.32098555,-0.002749621,0.047197527,-0.164791658,-0.194485856,-1.123891013,0.847314043,0.5
0.7108032,0.251393353,-0.927106282,-0.084056541,-0.159538062,-0.62476366,-0.822448625,-0.324725009,-1.018818113,-1.053594697,2.243875317,2.283380297,-0.385657477,-0.480095579,-0.425589598,-1.045793237,0.775014126,-0.220440302,-0.19482426,1.40250047,1.467358072,-0.19765661,-0.23511864,-0.295918515,0.336478227,-0.340156277,0,-0.32098555,0.631825771,0.706108469,0.25553532,0.162796888,-0.806134354,0.400272066,0.7
0.912814395,-0.15386654,-0.723589468,0.133259365,0.138359658,-0.935709072,-0.822634086,0.05291871,-1.018805775,-1.004399066,0.180255438,0.590645579,-0.385657477,-0.480095579,-0.425589598,-1.096107788,0.143144099,-0.230398361,-0.204896386,1.601707377,1.674439261,-0.19765661,-0.23511864,-0.470088307,-0.270036324,-0.368026016,0,-0.32098555,-0.116486005,-0.056913714,-0.33066347,-0.385238978,-1.088430561,0.499482537,0.7
-0.258025998,0.701961806,-0.441721144,-0.059702172,-0.087608063,-0.924388146,-0.783353253,-0.089238072,-1.018818113,-0.127174243,-0.958394964,0.003306999,-0.385657477,-0.480095579,-0.425589598,0.153507483,-0.928041141,-0.230398361,-0.204896386,2.042382432,2.038284919,-0.19765661,-0.23511864,-0.470088307,-0.194844645,-0.457790421,0,-0.32098555,-0.319621336,-0.289338651,-0.433914427,-0.458355268,-0.065105488,-0.900124628,0.6
1.156567698,-0.08640713,-1.022704979,-0.010368963,0.160427585,-0.029312018,-0.972959146,-0.232243177,-1.018818113,-1.007567734,-0.331554958,1.491039401,-0.385657477,-0.480095579,-0.425589598,-0.211458237,-1.021240487,-0.230398361,-0.204896386,0.893437609,0.915189595,-0.19765661,-0.23511864,-0.453745683,-0.204291235,-0.271085148,0,-0.32098555,0.14653626,0.257556773,-0.205627505,-0.256884672,0.515187984,-1.036946971,0.9
0.009948036,0.541871562,-0.541262055,-0.178351661,-0.455881653,-0.697025223,0.358609305,0.487379692,-0.929601874,-0.821433615,-0.334351602,1.219844989,-0.385657477,-0.480095579,-0.42252199,-0.811736451,1.761177927,-0.230398361,-0.204896386,0.345432987,0.16657085,-0.19765661,-0.23511864,-0.470023586,-0.301079295,-0.447669218,0,-0.32098555,-0.550967479,-0.53137896,-0.371714627,-0.390685092,-0.864033982,2.390512823,-0.8
0.411909086,0.644570964,-1.026154417,-0.002250841,-0.339531239,-0.785132456,0.082272737,0.537932541,-1.002423534,-0.800133595,0.027654004,0.110665788,-0.385657477,-0.480095579,-0.425589598,-0.034237958,-0.242493139,-0.230398361,-0.204896386,1.445797717,1.576087192,-0.19765661,-0.23511864,-0.470088307,-0.301079295,-0.418100361,0,-0.32098555,-0.559681015,-0.543578913,-0.27878626,-0.292261893,0.336322554,-0.202279171,1
0.547442107,-0.132219117,-0.395400125,-0.075938418,0.464066073,-0.253659489,0.207755191,0.960080583,-1.01675343,-0.677202676,-0.229783071,0.760152049,-0.385657477,-0.466991431,-0.411305087,-0.014429987,0.522969269,-0.230398361,-0.204896386,1.401166361,1.51301756,-0.19765661,-0.23511864,-0.321769066,-0.299766167,-0.459662044,0,-0.32098555,-0.566424638,-0.544553868,-0.619131854,-0.630708249,0.116020537,0.684842929,1
2.076955436,-0.88937549,-1.117318123,0.090170867,-0.122104646,-0.782802041,-0.179075727,0.820567473,-0.927462063,-0.74434071,0.441497757,1.501338378,-0.385657477,-0.342858386,-0.239476082,-0.263119425,1.274597229,-0.192136127,-0.204896386,1.036065112,1.025417496,-0.19765661,-0.233945159,-0.396305796,-0.26680323,-0.459662044,0,-0.32098555,-0.497486443,-0.479666705,-0.21300066,-0.219174302,-0.29117592,1.250684006,1
2.146525618,-0.913036626,-1.160189704,-0.010368963,0.34676506,-0.541097897,-0.155575778,0.730307946,-1.017994378,-0.520539254,-0.846208481,1.205427697,-0.385657477,-0.480095579,-0.425589598,0.144434669,-0.958077923,0.261968581,-0.204896386,1.006438347,0.818709176,-0.19765661,-0.23511864,-0.470088307,-0.300452357,-0.407173264,0,-0.32098555,-0.26656302,-0.420261061,-0.611839989,-0.622351871,0.604174707,-0.785248996,0.7
1.129770295,-0.626082416,-0.468823867,-0.224562515,0.34676506,-0.541097897,-0.155575778,0.730307946,-1.007792437,-0.654052767,-0.476593856,0.027880194,-0.385657477,-0.433797911,-0.317584635,-0.695701192,-0.467053846,-0.230398361,-0.204896386,0.910906098,0.917504756,-0.19765661,-0.23511864,-0.470088307,-0.301079295,-0.459662044,0,-0.32098555,-0.566424638,-0.544553868,-0.573882919,-0.583910553,-0.457992616,-0.131793896,-0.6
2.332046102,-1.109373718,-1.1454064,-0.36569296,0.34676506,-0.541097897,-0.155575778,0.730307946,-0.805672121,-0.271823318,-0.533776138,0.798771599,-0.385657477,-0.480095579,-0.381410769,-0.631488689,-0.36733054,-0.230398361,-0.204896386,1.190101353,1.222553798,-0.19765661,-0.23511864,-0.470088307,-0.301079295,-0.435317075,0,-0.32098555,-0.328745192,-0.389829584,-0.256776711,-0.275711431,-0.417191831,-0.043906857,0.9
0.721625228,-0.08288313,-0.610250806,-0.479346681,-0.052702297,-0.401538994,-0.140013195,0.565008104,-1.018818113,-0.743921432,0.015140898,0.435020461,-0.385657477,-0.480095579,-0.408249332,-1.051174749,0.449839559,-0.230398361,-0.204896386,0.586319142,1.220431094,-0.19765661,-0.23511864,0.149867908,-0.175093858,-0.459662044,0,-0.32098555,-0.566424638,-0.544553868,-0.645993789,-0.656806248,-1.018078769,0.31946515,0.9
0.396449046,0.692396666,-1.058184908,0.42488732,0.17694992,-0.788184009,-0.249447035,1.096831219,-1.018818113,-0.793495106,0.253986087,0.325909656,-0.385657477,-0.443234114,-0.35120065,-0.539129489,0.248287215,0.136390819,-0.00422491,1.06033254,1.306146955,-0.19765661,-0.23511864,-0.405437105,-0.301079295,-0.459662044,0,-0.32098555,-0.65177769,-0.609871391,-0.583759397,-0.594357603,-0.333684306,0.399160494,0.9
0.917452407,0.148693951,-1.02418331,-0.627346307,0.386093134,-0.268182733,-0.57753772,1.121726554,-1.003128979,-0.346915396,-0.418623429,-0.450419514,-0.385657477,-0.434672235,0.18588288,-0.702604803,0.665325155,-0.230398361,-0.204896386,2.508189304,3.177122424,-0.19765661,-0.23511864,-0.470088307,-0.301079295,-0.459662044,0,-0.32098555,-0.566424638,-0.541747899,-0.557253069,-0.565869189,-0.54248313,1.17807434,-0.5
-0.040554763,0.793585782,-0.739358325,-0.02722968,-1.314768371,-1.232097779,-1.075818441,0.87923436,-0.931280673,-0.279678816,-0.3878144,-0.28700884,-0.385657477,-0.480095579,0.32346604,0.881970872,-0.583361347,-0.230398361,-0.204896386,0.941343783,1.269534158,-0.19765661,-0.23511864,-0.470088307,-0.301079295,-0.458018468,0,-0.32098555,-0.533189587,-0.505429925,-0.466320145,-0.477034774,1.385224954,-0.471830922,0.8
0.915906403,-0.149335684,-0.730981119,-0.262655245,-0.867359198,-0.571824936,-0.945803259,1.364105554,-0.793530779,1.800123153,-1.009519801,-0.330887713,-0.385657477,-0.480095579,-0.413635106,2.880821267,-0.980134561,-0.230398361,-0.204896386,1.061874319,0.99790543,-0.19765661,0.485519134,-0.270441022,-0.301079295,-0.459662044,0,-0.32098555,-0.566424638,-0.544553868,-0.545820259,-0.559790105,2.936271118,-0.767530335,0.9
-0.027156061,0.96173088,-0.916757969,-0.099668316,0.185637179,-0.146841974,-0.781824656,1.470387802,-1.018818113,-0.926319737,-0.821402191,-0.576859335,-0.385657477,-0.407590099,-0.206963582,-0.247249989,-0.359915503,-0.230398361,-0.204896386,0.521877472,0.562923405,-0.19765661,5.206074322,-0.470088307,-0.301079295,-0.459662044,0,-0.32098555,-0.566424638,-0.544553868,-0.561572853,-0.568305975,0.019104274,-0.208394567,1
-0.764084653,1.769230097,-1.002501131,-0.307617157,0.101979252,-0.242971155,-0.688059223,1.41314126,-0.992084061,-0.961614521,-0.333025227,-0.5647877,-0.385657477,-0.385761622,1.295523344,-0.879131825,-0.414663857,-0.230398361,-0.204896386,1.053830852,1.159032774,-0.19765661,-0.211490459,-0.470088307,-0.301079295,-0.459662044,0,-0.32098555,-0.566424638,-0.544553868,-0.572125164,-0.581362658,-0.820675007,-0.310693575,-0.5
0.423761784,0.531802994,-0.926613505,0.572262475,-3.379965497,-0.477315555,-0.467816978,-0.382317669,-1.018818113,0.433393871,-0.789986601,6.870031998,-0.385657477,-0.480095579,-0.425589598,-0.385692018,-1.078232985,-0.230398361,-0.204896386,-0.078644534,-0.318550717,-0.19765661,-0.23511864,-0.470088307,-0.018515888,-0.288943111,0,-0.32098555,3.422691354,2.857379705,0.965044615,0.977633968,-0.87797005,-0.793088384,0.5
0.521160038,0.076200256,-0.5742781,0.444245921,-0.855696559,-0.187579495,-0.035868408,-0.202648868,-1.018818113,-1.050079166,0.302949566,2.682930538,-0.385657477,-0.480095579,-0.425589598,-1.128581009,1.352316947,-0.230398361,-0.204896386,1.752825494,1.892945333,-0.19765661,-0.23511864,-0.470088307,0.901818306,-0.451585655,0,-0.32098555,0.103618734,0.13904451,-0.022689827,-0.089361365,-1.138148287,1.282029551,0.9
1.185941775,-0.301874501,-0.83988479,-0.084056541,-0.300215619,0.021548666,0.156728911,0.018340462,-1.018545367,0.850602222,-0.847875262,0.978801707,-0.385657477,-0.480095579,-0.425589598,-0.829019163,-0.028930914,-0.230398361,-0.204896386,2.822872785,2.7130892,-0.19765661,-0.23511864,-0.446853527,-0.000763368,-0.459662044,0,-0.32098555,0.156584171,0.104505133,0.042837039,-0.004503146,-1.137401626,0.60674072,0.8
2.941171694,-1.778430113,-1.072968212,0.005867282,-1.862149535,-0.585200644,-0.705895243,-0.318879196,-1.018818113,-1.118040975,0.205466536,0.240005093,-0.385657477,-0.480095579,-0.425589598,0.989045137,-1.051744799,-0.230398361,-0.204896386,1.642526487,1.794024991,-0.19765661,-0.23511864,-0.470088307,-0.260186543,-0.459662044,0,-0.32098555,-0.520512012,-0.494604899,-0.552208373,-0.567282578,1.403730264,-1.079575201,0.8
-0.024579388,0.018809414,0.003749075,-0.277642549,0.714608694,0.541858839,0.053977092,-0.148944719,-0.809827546,-1.026524431,0.276677067,0.046063777,-0.385657477,-0.426154361,-0.409287325,-0.527117411,1.942075238,-0.192720966,-0.204896386,-0.821185854,-0.815710298,-0.19765661,-0.23511864,-0.258747034,2.426679635,6.30632229,0,-0.156943455,-0.503725798,-0.501625456,-0.326633746,-0.343035163,-0.420982073,2.148876407,0.8
-0.394589688,0.570063555,-0.182027775,-0.588004634,0.659771234,0.459631216,1.784401621,1.403665321,-0.916174818,0.82028731,-1.064005434,0.228885833,-0.385346285,-0.480095579,-0.425589598,1.420556384,-0.587405035,-0.230398361,-0.204896386,-0.476740168,-0.609343192,-0.19765661,-0.23511864,-0.10099445,0.26729757,0.980482568,0,-0.320824653,0.125362278,-0.02039903,-0.325976295,-0.337599707,1.484376014,-0.353829943,-0.5
-1.065040106,-0.006362008,1.023304254,-0.035347803,0.623899569,0.221557971,0.760152448,1.209103517,-0.929665486,-0.678128898,4.566823847,0.064031423,-0.385657477,-0.480095579,-0.425589598,-0.37286996,2.283656456,-0.230398361,-0.204896386,-0.47277675,-0.319932181,-0.19765661,-0.23511864,-0.398184452,0.146057353,2.866427457,0,-0.317278577,-0.424974991,-0.446953447,-0.493833383,-0.50861622,-0.376435129,0.907273283,1
1.864637548,-1.173309129,-0.635875199,-0.217068863,0.651592949,0.282293609,0.980588675,1.11897946,-0.974251051,-0.795161745,-0.772225583,0.191785077,-0.385657477,-0.480095579,-0.415509163,-0.503811601,3.517327621,-0.230398361,-0.204896386,-0.700784969,-0.697550455,-0.19765661,-0.23511864,-0.470088307,-0.188082028,3.469100262,0,-0.186388527,-0.566424638,-0.544553868,-0.645802265,-0.656467859,-0.402681851,4.176736087,-0.4
1.266849319,-1.028321739,-0.206173838,-0.448123131,0.408971227,0.201206828,1.126035964,1.266877214,-0.630518627,2.40612911,-0.806086832,1.610285939,-0.385657477,-0.480095579,-0.425589598,2.108225642,-0.377980383,-0.208747012,-0.204896386,-0.571742069,-0.649978688,-0.19765661,-0.23511864,0.277573174,0.826826371,1.786761637,0,-0.320538222,0.909254856,0.592839771,0.114567721,0.109662586,1.312860931,0.149029373,0.6
-0.606907576,0.327411047,0.258514675,-0.828425967,0.607954277,-0.43007299,1.171267239,1.181042132,-0.964745699,2.419090546,-1.081124781,-0.090291237,-0.385657477,-0.480095579,-0.3180165,3.222746585,-1.009299616,-0.069636463,-0.204896386,-0.608839165,-0.674151247,-0.19765661,-0.23511864,0.471182752,3.101060189,-0.089325892,0,-0.14772002,-0.566424638,-0.544553868,-0.654349845,-0.662741581,2.937387979,-0.839667544,0.9
2.385640909,-2.028130619,-0.297337544,-0.637337842,0.729974216,-0.434376147,1.231149599,0.849647898,-0.954572559,-0.675763399,-0.124800206,4.662002707,-0.385657477,-0.480095579,-0.315239526,-0.17864534,-0.757490509,-0.230398361,-0.204896386,-0.624938091,-0.645976018,-0.19765661,-0.23511864,-0.450210248,-0.143434106,0.15686889,0,-0.180639854,-0.404579324,-0.423947451,-0.621610671,-0.633351136,0.227055619,-0.912498835,0.9
-0.246688635,0.93605603,-0.682196217,-0.02722968,0.729974216,-0.434376147,1.231149599,0.849647898,-0.597007499,-1.164668183,2.088554295,1.534616655,-0.385657477,-0.480095579,-0.425589598,-0.480595729,0.390954186,0.037450811,-0.148306205,0.860446796,0.826568896,-0.19765661,-0.23511864,-0.459949968,-0.155890594,-0.239987698,0,-0.32098555,-0.545315142,-0.542978812,-0.685508805,-0.703400485,-0.260073571,-0.11847152,0.9
-0.405411716,0.747773794,-0.34562967,-0.018487086,0.729974216,-0.434376147,1.231149599,0.849647898,-0.859780736,-0.278445124,0.094168846,0.784277352,-0.385657477,-0.480095579,-0.425589598,-0.764559833,1.639614239,-0.230398361,-0.204896386,0.046623317,0.014765904,-0.19765661,-0.23511864,-0.390265811,3.269315893,2.495920726,0,-0.32098555,-0.438523187,-0.498294522,-0.595846615,-0.60235262,-0.894237533,1.578771953,1
1.736319213,-0.849604643,-0.830029254,-0.458739138,0.667828453,0.459025669,1.697778967,0.741264737,-0.546133779,1.025909323,-0.5324796,-0.001359092,-0.385657477,-0.480095579,-0.425589598,-0.424504444,1.022261562,-0.230398361,-0.204896386,-0.303288687,-0.112414322,-0.19765661,-0.23511864,-0.081471421,4.844041453,3.729502435,0,-0.32098555,-0.125860723,-0.182350821,-0.598016822,-0.61003111,-0.612470834,1.895291061,0.7
-0.957850493,-0.989557749,1.883199752,-0.395043096,0.492660227,0.038237247,1.409279428,0.577922643,-0.951468003,1.198243814,-0.624431809,-0.23010555,-0.385657477,-0.37412161,-0.163256225,1.257761066,-0.635202918,-0.229192225,-0.204896386,-0.766557427,-0.761437135,-0.19765661,-0.23511864,0.186068936,1.629138071,0.013294312,0,0.311151187,-0.566424638,-0.544553868,-0.50390657,-0.514041609,0.908148926,-0.307764167,-0.8
-0.464675204,-0.266634511,0.703984894,-1.063227061,0.316583762,-0.038408568,1.753671424,1.448435885,-0.750811565,0.826962241,0.431314817,2.579032862,-0.385610009,-0.480095579,-0.135076536,-0.201337757,0.402385898,-0.203891085,-0.204896386,0.729908065,0.686324581,-0.19765661,-0.23511864,-0.132944702,-0.184457521,1.99091262,0,-0.317641997,-0.527151899,-0.506070244,-0.52256416,-0.544252533,-0.351652164,0.725825112,-0.6
-0.991862582,-0.395008763,1.333753631,0.030846122,-0.084035837,-0.544737005,1.23197259,1.088471488,-0.888947442,-0.668644005,0.318746373,1.341376068,-0.385657477,-0.480095579,-0.425589598,2.526586028,-0.973144487,0.311565844,-0.095357413,0.80542878,0.528833916,-0.19765661,-0.23511864,-0.161149181,1.589017593,-0.012650507,0,-0.32098555,-0.521058177,-0.573711737,-0.700398078,-0.715514683,3.003899871,-1.103015205,-0.5
1.665718362,-0.658301836,-0.949774014,-0.373186612,0.619766431,0.473947659,1.177878426,2.243181678,-0.386711919,-0.397344265,0.003381367,0.784454104,-0.385657477,-0.480095579,-0.361777235,0.424164144,-1.080812544,-0.230398361,-0.204896386,0.701304296,0.53085497,-0.19765661,-0.23511864,-0.470088307,-0.073452939,2.544127769,0,-0.318321026,-0.539439397,-0.532699103,-0.64674379,-0.656877079,0.445770021,-0.943826799,0.6
-1.114512235,1.252712518,-0.162316704,-0.373186612,0.337235164,0.605562438,1.156039549,2.121036616,-0.698105873,0.810449052,1.569089944,1.060863228,-0.385657477,-0.480095579,-0.381517086,-0.533140059,0.637031724,0.473609159,-0.204800368,-0.54781909,-0.59655901,-0.19765661,-0.23511864,-0.446393309,-0.300365142,1.203753433,0,-0.258060833,-0.495168558,-0.515835927,-0.761976806,-0.766202927,-0.892947956,0.267989152,-0.3
1.005059302,-0.260089941,-0.70782061,0.133259365,0.267931959,0.121729102,1.878120437,-0.450738995,-1.018818113,-0.883441037,0.481222294,1.143770081,-0.03832086,-0.480095579,-0.425589598,2.967226982,-0.133576766,1.799595735,-0.204813153,-0.234067762,-0.506997266,-0.19765661,-0.23511864,1.174784689,-0.185363132,-0.425205013,0,-0.29156626,-0.532383529,-0.526154601,-0.722998659,-0.765281566,3.220672395,-0.27724873,0.6
1.552860067,-0.979992609,-0.526971528,-0.520561766,0.628611713,0.402194362,0.775035037,-0.820767775,-0.767198156,0.270122545,1.276778076,0.143377449,-0.232598399,-0.480095579,-0.425589598,-0.596589735,0.210324732,0.966967065,0.314439316,-0.007350113,-0.047609173,-0.19765661,-0.23511864,3.949115355,9.028259891,0.472666428,0,-0.32098555,-0.843412035,-0.811476903,-0.394154375,-0.428556295,-0.311329827,-0.162267182,0.3
1.769300632,-1.228686258,-0.490506046,-0.41627511,0.45291969,0.956798076,1.11763818,0.090798816,-0.801890169,1.20308117,-0.219862547,2.15137413,-0.357213099,-0.480095579,-0.351782552,1.51754509,-1.040099091,-0.230398361,-0.204896386,-0.361857687,-0.46869833,-0.19765661,-0.23511864,0.540866545,2.074599957,2.747012452,0,0.000714197,0.972288245,0.81610706,-0.081797519,-0.112243871,1.299966794,-0.923194804,0.4
0.937550459,-0.583290999,-0.326904152,-0.486215862,0.202324409,0.419323912,0.985471016,0.442203233,-0.903781745,-0.186353948,0.197726458,0.279409404,-0.385657477,-0.480095579,-0.425589598,-0.094547058,0.16748331,-0.230398361,-0.204896386,-0.690962279,-0.694663618,-0.19765661,-0.23511864,0.263855225,2.162103337,0.596264091,0,-0.27259086,-0.553314613,-0.535015938,-0.55476062,-0.569445086,-0.111116671,0.166641885,0.5
-0.563619463,0.42960702,0.117087736,-0.779717229,-4.710411016,-0.304524496,0.654984247,-0.118429897,-0.910692121,0.634782099,-0.19010095,0.69192862,-0.361165439,-0.480095579,-0.425589598,-0.484453446,-0.033820201,0.215050232,0.009138338,0.36834678,0.43815282,-0.19765661,-0.23511864,1.133467088,4.270963675,-0.076210257,0,-0.32098555,-0.538552904,-0.526574581,-0.640810517,-0.657102026,-0.719368276,0.171098639,0.5
0.075910875,-0.897430345,0.805004136,1.289155177,0.188385439,0.161915669,0.107202725,-1.143604532,-0.571089435,0.485497634,-0.585316392,-0.425157179,-0.382183892,-0.475687007,-0.10403765,0.657306048,0.28885544,-0.230260926,-0.204896386,1.364687342,1.368915207,-0.166504651,-0.231595871,-0.453353867,-0.301079295,0.262068919,0,-0.32098555,-0.39757971,-0.366569816,-0.467908956,-0.464405571,0.714651248,0.726368724,0.4
-0.297706768,-0.394505334,0.669490518,1.227332549,-0.025584267,0.048103098,0.581014563,-1.434106992,-0.888208804,3.866910622,-1.062506898,-0.34087936,-0.272837992,-0.480095579,0.107913279,1.835674414,-0.95578527,-0.230398361,-0.204896386,0.965795793,1.019087334,3.301050524,2.537945475,-0.402165922,-0.301079295,-0.423402312,0,-0.32098555,-0.377597951,-0.355847104,-0.401670356,-0.40351685,0.858930505,-0.776769643,0.5
0.098585601,-0.08640713,-0.011034229,1.495230606,-0.099905776,-0.181778925,0.347686794,-1.150602076,-0.84831271,2.537029957,-1.02715837,-0.453943982,-0.355627193,-0.480095579,-0.357924798,1.680588414,0.592076472,-0.071458025,-0.204896386,1.926093087,2.085148222,3.793645108,0.844640166,-0.46878612,-0.297826622,-0.43894486,0,-0.32098555,-0.051163653,-0.020017685,-0.286866495,-0.292068107,1.224826321,1.208249878,-0.3
-0.924353738,-1.060037731,1.920158012,1.276665757,-0.096777394,-0.235338634,0.611116254,-0.600262349,-1.008561973,1.777077547,-0.121369924,-0.589407532,-0.376439593,0.165343005,-0.345240409,0.350061384,-0.375271636,-0.230398361,-0.204896386,2.150356533,2.218188823,-0.19765661,-0.153141433,-0.418701207,-0.301079295,1.062476517,0,-0.32098555,-0.149011413,-0.147760096,-0.347388795,-0.3542822,-0.348506711,0.055232584,0.5
-0.184848473,-1.653076432,1.793514377,1.630116341,0.270639808,-0.035775736,0.696534692,-0.288831823,-0.664590226,-0.428972649,1.625719857,-0.333939334,-0.156529695,-0.406541623,-0.313851211,-0.643839575,1.655396196,-0.230398361,-0.204896386,1.806776732,1.927616492,2.145201779,0.723909697,-0.288662794,0.039279658,1.382494205,0,-0.32098555,-0.336987613,-0.336787613,-0.443369695,-0.451802998,-0.427146906,1.633377311,0.6
0.452105191,-0.142791115,-0.29339533,0.900109747,0.088864283,-0.542070009,0.422772726,-0.410753857,-0.636050875,0.657705959,-0.249283654,-0.326538298,-0.385657477,-0.480095579,-0.191730556,1.280206156,0.019565106,-0.230398361,-0.204896386,2.9823008,2.799023391,1.545635262,0.961909371,-0.128688823,-0.301079295,-0.331979758,0,-0.32098555,0.008875502,0.106937321,0.049753496,0.04248968,0.383034959,0.044270416,-0.3
-1.084622824,-1.525205608,2.529230124,1.548935111,-0.147870126,0.511387987,0.715536883,-0.614864174,-0.75724789,0.698384462,-0.474638042,-0.525787353,-0.385657477,-0.314726338,-0.193850188,1.438003666,-0.466117184,-0.200213179,-0.204896386,3.517845813,3.295435141,-0.19765661,-0.226973713,-0.470088307,-0.301079295,-0.375271486,0,-0.32098555,-0.040604663,-0.006524383,-0.164248813,-0.144322999,0.819993568,-0.532760457,-0.7
0.30008146,-0.998619461,0.68920159,1.352226748,-0.141590484,0.45212882,-0.025591067,1.221251182,-1.018818113,-0.335368534,0.33367871,-0.602525378,-0.385657477,-0.074346795,0.463432648,-0.05630443,0.818361444,-0.230398361,-0.204896386,1.081397339,1.250253417,8.388530697,7.772902672,1.245476248,-0.301079295,-0.150849493,0,-0.32098555,-0.476359729,-0.370036299,0.007332479,0.01521618,-0.075890127,0.846840842,0.3
-0.129192328,-1.164247417,1.262300997,1.333180382,0.077820489,-0.112098414,0.496870593,1.020432861,-0.906891357,-0.358509282,0.136811933,-0.592589894,-0.385657477,0.448234879,1.152066529,-0.183592349,0.679891424,-0.230398361,-0.204896386,0.48042643,0.609327513,1.077134915,1.765505505,-0.422624546,-0.301079295,-0.397717193,0,-0.32098555,-0.541737973,-0.510248069,-0.447855844,-0.433380662,-0.223382679,0.715655621,0.6
-1.058340755,-1.30218681,2.285305613,1.314134017,0.648580759,0.941601325,0.297006486,1.039492993,-0.784118738,2.534456219,-0.5243707,0.882414065,-0.385657477,-0.154769622,-0.393766375,1.919768244,-0.568639155,-0.230398361,-0.204896386,0.460012673,0.536159264,4.15567797,4.857637713,-0.470088307,-0.301079295,0.528545959,0,-0.32098555,-0.425288697,-0.393657338,0.574894192,0.584696885,1.558214955,-0.54912836,-0.4
-0.848599541,0.259951636,0.55565908,1.658217535,0.008885841,0.418626288,0.341475466,-0.154272433,-0.715963021,1.798976175,-0.583445753,-0.525165977,-0.367132059,-0.257572837,-0.306302953,1.436761355,-0.279324626,-0.230398361,-0.204896386,1.619766956,1.545012608,-0.195570848,-0.23511864,-0.464227795,-0.301079295,-0.25625039,0,-0.32098555,-0.386924485,-0.357002761,-0.198898227,-0.191222841,0.765440681,0.141484341,0.4
-0.872820271,-1.496510187,2.29811781,1.643854702,-0.174774495,0.559030134,0.323458093,0.494663371,-0.582929434,-1.048308381,0.473348652,-0.602525378,-0.385657477,-0.052761769,2.220957538,-0.024805361,-1.01616102,-0.230398361,-0.204896386,0.698885953,0.562941547,0.416625862,1.683150104,-0.465101713,-0.301079295,-0.457420294,0,-0.32098555,0.139318425,0.141028568,0.146650277,0.128034258,0.808525617,-1.085283022,-0.4
-1.104720876,-1.14411028,2.174923612,1.327247908,-0.067706539,-0.455574479,0.251132978,0.351256727,-0.730239783,0.970304031,0.513059504,-0.536301993,-0.385657477,0.591603869,-0.317849237,0.679057325,3.647594273,-0.230398361,-0.204896386,1.025021596,1.23379743,0.440503805,0.297365871,-0.468241827,-0.301079191,0.671969071,0,-0.32098555,-0.079960157,-0.055865672,0.123142425,0.137318215,0.258213905,3.714471975,0.5
-1.150070328,1.756644386,-0.621091895,1.252311389,-0.921899166,-0.032383425,0.397332482,-0.072036665,-0.378876783,1.828191898,0.275623469,-0.439982967,0.01595918,-0.440167426,-0.413295596,2.23269382,0.019580191,-0.230398361,-0.204896386,2.070561164,1.878196057,-0.04395663,-0.13450873,-0.469389767,-0.301079295,-0.16498651,0,-0.32098555,-0.38401713,-0.364419832,0.001881221,0.014479863,1.837423079,-0.136761029,-0.6
-0.570318814,-0.66031555,1.190355585,1.79934798,-0.097816133,0.75619432,0.731933745,-0.12007759,-0.926014837,-0.624184193,0.377710749,-0.542787167,-0.385657477,-0.480095579,0.307592384,-0.015398485,2.8196401,-0.230398361,-0.204896386,0.466553193,0.770455522,6.100012551,2.44490876,-0.469230495,-0.301079295,-0.335758072,0,-0.32098555,-0.106893351,-0.050210847,-0.050911987,-0.056672334,0.381301567,3.303162616,0.6
-0.667717068,-0.875279493,1.493906088,1.770622314,0.162373989,1.12868445,0.676735908,0.411297646,1.012624719,-0.964294539,0.577623991,-0.602525378,-0.385657477,-0.225916022,0.242119273,0.05373689,-0.479860484,-0.230398361,-0.204896386,0.202599014,0.001496809,-0.172815724,2.903125239,-0.470088307,-0.301079295,0.815775118,0,-0.32098555,-0.358899985,-0.36543279,-0.420085857,-0.430726135,0.402473877,-0.534124575,0.5
0.963317193,-0.198168243,-0.729010012,1.41654726,-0.179589636,0.80638849,1.633262184,0.608837666,-0.309828753,0.716461781,-0.738398045,-0.440768204,-0.365803751,-0.081703655,-0.341336647,0.736153357,-0.576731577,-0.227402555,-0.204896386,2.60979495,2.094545131,-0.147506108,0.849544201,-0.201402967,-0.18888182,0.920078751,0,-0.32098555,-0.386291979,-0.380011315,-0.410196171,-0.419627751,-0.160423057,-0.321772638,-0.6
-1.119150247,-1.13102114,2.175416389,1.390943949,-0.691167316,0.245903106,0.169654443,0.395513905,-1.017534332,0.744925835,-0.357096244,-0.598903158,-0.385657477,-0.418299798,0.269149962,0.396652427,-0.766347889,-0.230398361,-0.204896386,1.720167712,1.632982907,7.097695364,6.071308904,1.899229513,-0.301079295,1.979760804,0,-0.32098555,-0.471681679,-0.438501529,-0.368874748,-0.371575167,0.161796543,-0.691139422,-0.3
1.321474796,-0.414642472,-0.859103085,1.239821969,-0.802155746,0.89518941,0.382674976,0.204162019,-0.663400031,2.324727144,-0.790695724,0.161024475,-0.385657477,-0.466328338,-0.176374658,5.392941891,-0.613427741,-0.230398361,-0.204896386,1.622301156,1.401410874,0.441993449,0.030959779,-0.470088307,-0.301079295,0.357224311,0,-0.32098555,-0.151120046,-0.229028554,-0.057878349,-0.057326857,5.526704429,-0.799238718,0.5
-1.181505744,1.607126139,-0.444677804,1.20297818,-0.082012199,1.670374326,-2.201980194,-1.444751233,-0.739748141,1.980630544,-0.783115685,-0.602092029,1.319208735,0.333516476,-0.425589598,0.581877028,-0.826480656,-0.230398361,-0.204896386,-0.821749513,-0.816929877,-0.19765661,-0.23511864,-0.442613162,-0.301079295,-0.459662044,0,0.328294503,1.005034113,1.184294606,0.270084671,0.25918267,0.21319943,-0.548684943,0.5
-0.618244939,0.259951636,0.334895078,1.685694259,0.668709529,2.034466936,-1.764361505,-1.165870341,-0.960455653,1.121979472,-1.058386217,-0.598474419,1.514610023,-0.053271723,-0.425589598,1.56444728,-0.855607046,-0.230398361,-0.204896386,-0.785061771,-0.781286966,-0.19765661,-0.23511864,0.149024018,1.135180925,-0.459662044,0,-0.288393506,0.709564577,1.045521915,0.321383555,0.302567418,1.530973062,-0.477018743,-0.3
-1.047003392,1.379576485,-0.350064661,1.20297818,-0.008125849,0.636564895,-2.189144119,-1.143854139,-0.928245321,1.736920138,-1.09663599,-0.602525378,-0.055155919,-0.348725602,-0.425589598,0.388280918,-0.898585202,-0.230398361,-0.204896386,-0.82771777,-0.822181396,-0.19765661,-0.23511864,-0.396103029,-0.237673067,-0.459662044,0,0.019687438,-0.536547058,-0.505508334,-0.603743607,-0.612309802,-0.174198236,-0.490163504,0.4
-0.226590582,0.652625819,-0.423488402,0.812059337,-0.440761035,0.242665134,-1.906642702,-0.895550495,-0.85786939,2.213278458,-0.912421986,-0.598085675,-0.202753161,0.032702576,-0.425589598,2.639121204,-1.12385046,-0.230398361,-0.204896386,-0.82771777,-0.822181396,-0.19765661,-0.23511864,-0.470088307,-0.301079295,-0.459662044,0,-0.247326728,0.226439326,0.489539261,0.028732406,0.022791824,2.579617243,-1.142823586,0.3
-0.97846388,1.505433595,-0.539290948,1.469002824,0.149463648,0.425024939,-1.795667589,-1.170546269,-0.926165824,0.676408464,-0.336349572,-0.546336707,0.350128279,-0.358439517,-0.425589598,0.720744343,-0.990154344,-0.230398361,-0.204896386,-0.82771777,-0.822181396,-0.19765661,-0.23511864,-0.453197733,-0.301079295,-0.459662044,0,0.321012797,-0.489242172,-0.460347328,-0.546278431,-0.555661582,0.334943402,-0.895364566,0.4
-0.56877281,0.551940131,0.001777968,-1.13816358,0.494285077,0.564805406,-2.376416013,-2.35460414,-0.993632114,0.406891469,-0.671870702,-0.592118315,-0.331918153,0.282212009,-0.425589598,0.671396654,1.037430129,-0.230398361,-0.198566881,-0.82771777,-0.822181396,-0.19765661,-0.23511864,-0.466109442,-0.301079295,-0.459662044,0,0.047609408,0.04041407,0.472115624,0.519110744,0.52877806,0.79323765,1.092183308,0.3
-0.544036745,1.019625151,-0.47917218,-0.247667942,0.729974216,0.587528105,-2.436913203,-1.812787963,-0.985268526,0.567330333,-0.578209841,-0.579625574,-0.304777046,-0.210917291,-0.425589598,0.910814476,-0.404571289,-0.230398361,-0.204896386,-0.249660316,-0.226876339,-0.19765661,-0.23511864,-0.470088307,-0.301079295,-0.459662044,0,-0.28754341,-0.282867053,-0.225717991,-0.385616728,-0.392538673,0.443825464,-0.366305061,0.4
-1.138732965,1.389141625,-0.272205928,0.23005237,0.663937312,0.691937436,-2.493379012,-1.789012805,-0.903293593,1.229809191,-0.535830101,-0.602525378,-0.383930637,-0.285676763,-0.425589598,0.735539343,-0.726236705,-0.230398361,-0.204896386,-0.82771777,-0.822181396,-0.19765661,-0.23511864,-0.470088307,-0.301079295,-0.459662044,0,1.261740449,-0.544354074,-0.525925817,-0.611885272,-0.621067631,0.333671045,-0.614586675,0.4
-0.860967573,1.385114198,-0.533870403,0.532296331,0.296597438,2.185582089,-2.908490932,-1.78574225,-0.911417534,-0.393404548,0.322971113,-0.602525378,-0.378365354,0.054587171,-0.425589598,0.044087077,0.368662734,-0.230398361,-0.204896386,-0.82771777,-0.822181396,-0.19765661,-0.23511864,-0.470088307,-0.301079295,-0.459662044,0,0.002182425,-0.566424638,-0.544553868,-0.60746365,-0.616641901,0.090453954,0.376697204,0.4
-0.01272669,0.943607457,-0.912815755,1.455888933,0.59215725,1.925530809,-2.737824338,-1.866122103,-0.853968056,0.752687813,-0.619537618,-0.602525378,-0.385060097,2.027906103,-0.425589598,1.155199964,-1.032523227,-0.230398361,-0.204896386,-0.82771777,-0.822181396,-0.19765661,-0.23511864,-0.470088307,-0.301079295,-0.459662044,0,-0.32098555,1.225240995,2.342953443,1.783002675,1.76300602,1.796093447,-1.101834839,0.4
-0.953212481,0.451254443,0.468437588,0.945071659,0.579484996,0.569654973,-2.449819152,-1.323696332,-1.011675137,-0.302986793,1.282396609,-0.602525378,-0.378277483,0.028601382,-0.425589598,-0.004648257,-0.316949029,-0.230398361,-0.204896386,-0.82771777,-0.822181396,-0.19765661,-0.23511864,-0.470088307,-0.301079295,-0.459662044,0,0.078663378,-0.566424638,-0.544553868,-0.592476524,-0.602011447,0.236647607,-0.63997713,0.3
-1.174806393,1.479758744,-0.326411375,0.312482541,0.688358041,1.276163311,-2.390279285,-1.311882488,-1.010420828,1.710031442,-0.928791181,-0.427606073,-0.162676819,-0.286453999,-0.425589598,0.646063394,-0.153169915,-0.230398361,-0.204896386,-0.82771777,-0.822181396,-0.19765661,-0.23511864,-0.27054446,-0.293319229,-0.459662044,0,0.705290314,-0.456678839,-0.403695862,-0.475682484,-0.480964889,0.08444698,0.224798619,0.5
-0.956304489,1.408271906,-0.46537443,1.741896649,-6.040015939,-3.879196349,-1.120110893,-0.557207163,-0.942921989,1.665705748,-0.049460481,-0.58144788,1.699501785,0.104687385,-0.425589598,0.086454117,1.293107116,-0.086415275,0.553368828,-0.82771777,-0.822181396,-0.19765661,-0.23511864,1.284794646,1.857661332,-0.459662044,0,0.399124565,-0.637613272,-0.532557477,-0.224223865,-0.230074989,-0.012325487,1.981628351,0.3
-0.945997795,0.890244042,0.031344575,0.482963123,-0.585661215,0.250752093,-1.083017721,0.635252629,-0.878433185,-0.02044732,1.958233658,-0.587826239,-0.325974586,0.151515417,-0.425589598,-0.32670776,-0.416271573,-0.116743609,-0.158615791,-0.82771777,-0.822181396,-0.19765661,-0.23511864,-0.470088307,-0.301079295,-0.459662044,0,-0.104176664,-0.082112582,0.145717185,0.563134618,0.539187884,0.514817266,-0.551669876,0.5
-0.899617674,1.814035228,-0.916757969,0.726506811,0.371889275,2.0302427,-1.412294499,0.932263741,-0.334880561,-0.609920189,1.486794956,-0.602525378,-0.385657475,0.143783782,-0.425589598,2.116980025,-0.298049304,0.01325249,-0.14514691,-0.82771777,-0.822181396,0.012778957,-0.135133223,-0.294473146,-0.301079295,-0.459662044,0,0.090130378,-0.173378598,-0.150953201,-0.190707326,-0.197584034,3.366454036,-0.450512159,0.4
-0.652772362,0.98438516,-0.340701902,0.715890804,-5.789978358,-3.598097885,-0.975125513,0.013288491,0.499313144,0.560021533,-0.914650659,-0.602525378,-0.385657477,0.019310356,-0.425589598,-0.191883911,-0.732791685,-0.230398361,-0.204896386,-0.82771777,-0.822181396,-0.19765661,-0.23511864,-0.470088307,-0.301079295,-0.459662044,0,-0.063345689,-0.517712931,-0.489649625,-0.5047787,-0.512377947,-0.558014309,-0.514895941,0.4
-0.453337841,1.241637093,-0.782722682,1.239821969,-5.96999711,-3.879196349,-0.564237357,0.051513528,0.2144142,0.844555676,-0.40615527,-0.602525378,-0.384605107,0.704277637,-0.425589598,-0.242423452,1.238380944,-0.230398361,-0.073638478,-0.82771777,-0.822181396,-0.19765661,-0.23511864,0.137542822,-0.092116369,-0.459662044,0,-0.122294353,-0.323891369,-0.16303299,0.377636181,0.364487251,-0.298888744,1.217224292,0.4
-0.217314558,0.309791052,-0.195332749,0.822675344,0.002459763,0.912440444,-0.946107981,2.020153532,0.684968874,-0.393469397,0.939843481,-0.602525378,-0.385657477,-0.068318956,-0.425589598,-0.104208852,-0.162245861,-0.230398361,-0.204896386,-0.82771777,-0.822181396,-0.19765661,-0.23511864,-0.470088307,-0.301079295,-0.459662044,0,-0.317107288,-0.559010156,-0.535232696,-0.559250023,-0.568695854,0.141854281,-0.727675284,0.4
-1.0500954,1.601084998,-0.564422564,1.442775042,0.729974216,2.240504329,-1.695746041,-0.947625165,-0.902488383,0.052979594,0.36163814,-0.562234492,-0.385657477,2.508286112,-0.425589598,0.691132952,-0.646254255,0.018433729,0.142561688,-0.818431763,-0.810941077,-0.19765661,-0.23511864,-0.470088307,-0.301079295,-0.459662044,0,-0.32098555,4.106245683,5.463175806,3.418174674,3.25845919,1.242796319,-0.714641044,0.3
-0.185879143,0.85550748,-0.661006815,1.671955897,0.455460264,2.900461655,-0.954038071,0.671695185,-0.888824649,1.865728604,-1.09616769,-0.532114777,-0.385657477,0.800975774,-0.425589598,-0.595951359,3.082925402,0.014978994,-0.028445175,-0.735375434,-0.774421683,-0.19765661,-0.23511864,-0.470088307,-0.301079295,-0.459662044,0,-0.32098555,3.126569324,3.65596135,3.132780804,3.149796823,-0.865481949,4.020130217,0.4
-1.200573127,1.307586218,-0.132750096,0.80144333,0.631674504,1.926588115,-0.731796994,0.922146052,-0.195976038,0.676730382,-0.275137025,-0.602497816,-0.385657477,-0.32678815,-0.425589598,0.7067573,-0.274711202,-0.228716328,-0.056707721,-0.82771777,-0.822181396,-0.19765661,-0.23511864,-0.470088307,-0.301079295,-0.459662044,0,-0.319392668,0.409448759,0.558085024,0.33935723,0.321314016,0.70114331,-0.092861946,0.4
-1.226855195,1.857833502,-0.646716288,0.945071659,-0.264531138,2.012842434,-0.965661893,0.981639352,-0.887659079,2.178714131,-1.053340002,-0.57559431,-0.385657477,0.324404354,-0.425589598,0.402072567,0.067469485,-0.016337707,0.1940133,-0.82771777,-0.822181396,-0.19765661,-0.23511864,-0.451272994,-0.301079295,-0.459662044,0,-0.32098555,1.944402402,1.862636122,1.566820165,1.569884971,-0.06936396,0.55506403,0.4
1.447731792,-1.946071783,0.519193597,-0.785961939,0.154790442,0.582699257,-0.182447988,1.080333123,-1.011092318,0.282883317,-0.57304808,0.280136824,-0.385657477,0.361990728,4.283400642,0.216185594,0.460548912,-0.111910001,0.253148286,-0.82771777,-0.822181396,-0.19765661,-0.23511864,2.688167011,-0.07164812,-0.449608909,0,0.437974582,-0.326657733,-0.463078574,-0.384632208,-0.277401663,-0.172499303,0.664999801,0.3
-0.933629763,-0.351210488,1.235198273,-0.940206275,0.62504196,0.718398163,0.312902806,-0.259328904,-0.957955505,0.597117708,-0.537165906,0.7146594,-0.385657477,0.899753895,3.442098552,1.093087186,-0.595388114,-0.225505169,-0.182085614,-0.82771777,-0.822181396,-0.19765661,-0.23511864,1.299749516,-0.256522746,-0.459662044,0,0.093936976,-0.055389859,-0.275099497,0.024825337,0.334663696,0.502053139,-0.6104252,-0.1
-1.131002945,-0.852625214,1.915230244,-0.905235899,0.616566598,0.442233351,0.001063952,0.994286191,-1.000918145,-0.166247792,-0.52746378,1.391638331,-0.385657477,1.343394488,4.339534636,-1.123144695,1.330727481,-0.230398361,-0.183019312,-0.82771777,-0.822181396,-0.19765661,-0.23511864,3.315331509,-0.060020554,-0.448608619,0,3.718160277,-0.265834085,-0.294023409,-0.484304948,-0.38122297,-1.135581318,1.455127431,0.4
-0.953727815,-0.188603103,1.095249665,-0.72975955,0.196390583,-0.590105853,-0.604770436,0.687647216,-0.979488827,-0.222102876,-0.024629359,2.236791008,-0.385657477,1.519776149,2.930108723,-0.665361605,0.089589021,-0.230398361,-0.204896386,-0.82771777,-0.822181396,-0.19765661,-0.23511864,2.888139469,-0.055698114,-0.448200237,0,2.187824957,-0.041113981,-0.165967652,-0.391806269,-0.254855931,-0.701473685,-0.091747916,0.2
-1.221186514,-0.989054321,2.134515915,-0.991412897,0.238699528,-0.469724247,-0.038114305,0.851234403,-1.017388331,2.069540679,-1.019752559,1.092589303,-0.385657477,0.708200582,3.819623628,0.0583154,-0.79959187,-0.230398361,-0.204896386,-0.82771777,-0.822181396,-0.19765661,-0.23511864,2.539242754,-0.115997855,-0.410806164,0,1.966158996,-0.440827497,-0.477414805,-0.509324593,-0.435817079,-0.486189007,-0.611067548,0.4
-1.049580066,1.18777025,-0.160345596,-0.804071598,-0.344945712,0.431780313,0.532197175,0.575375012,-0.955795633,0.484675219,-0.212480386,1.267310612,-0.385657477,0.787774579,2.994172203,0.372438798,-0.200035126,-0.227129683,-0.195161741,-0.82771777,-0.822181396,-0.163244355,-0.23511864,1.83620757,0.007939765,-0.382674623,0,1.024676529,0.050310451,-0.035907442,-0.468706137,-0.387017388,0.197481263,-0.180497333,-0.2
-0.42241776,-0.326039067,0.722217635,-0.71727013,0.647467271,0.513590272,0.152050586,-0.571118883,-1.000992903,-0.925531714,0.83787014,0.106823974,-0.385657477,1.746486007,2.134838436,-0.01294945,0.495376134,-0.123900522,-0.160364925,-0.82771777,-0.822181396,-0.19765661,-0.23511864,0.15600802,-0.190002287,-0.459662044,0,-0.32098555,3.432022352,2.799741418,2.200611048,2.419047832,-0.192763796,0.562186408,0.7
-0.756869968,0.380774462,0.349678381,-0.659818798,0.47310005,-0.586210825,-0.048742863,-1.220205934,-0.99418256,1.722392587,0.050421175,-0.105781073,-0.385657477,0.743801483,2.307295539,0.15860352,0.473332529,0.619408609,0.314373064,-0.82771777,-0.822181396,-0.19765661,-0.23511864,2.852274573,-0.212224698,-0.459662044,0,-0.32098555,0.304462958,0.132001695,-0.476205746,-0.393695855,-0.490565246,0.554662951,0.6
-0.267302022,0.133591098,0.123493835,-0.646704907,-0.436254273,-0.961980791,-0.791566789,-1.351274607,-0.909217607,1.508339934,-0.939535281,-0.369639538,-0.385657477,0.240464562,1.514962263,4.362715868,-1.144136118,-0.077252074,-0.204896386,-0.82771777,-0.822181396,-0.19765661,-0.23511864,1.952487675,0.108600329,-0.459662044,0,-0.32098555,1.346139557,0.790206109,0.417822739,0.540230843,4.735102641,-1.147093488,-0.1
1.27354867,-0.980999466,-0.258408178,-1.492863106,0.454923199,0.843633967,0.187202648,-2.970960132,-0.905271238,0.979596427,0.829180506,0.466552309,-0.385657477,1.718776912,2.707345182,0.014764078,0.654605653,-0.230398361,-0.204896386,-0.82771777,-0.822181396,-0.19765661,-0.23511864,3.367358007,0.79796643,-0.386954603,0,-0.043441776,0.387649763,0.300444708,-0.143715098,-0.072861724,-0.184559112,0.650773546,0.7
0.332032211,-0.355741344,0.029373468,-0.601118525,0.454923199,0.843633967,0.187202648,-2.970960132,-0.621282163,0.574774107,0.493717571,-0.046403988,-0.385657477,3.879689862,3.555083462,-0.208262916,0.703852522,-0.230245404,-0.204896386,-0.82771777,-0.822181396,-0.19765661,-0.23511864,3.640692153,1.333033733,-0.047758762,0,2.56166904,0.269043309,0.148371357,-0.274110653,-0.242152289,-0.189059404,0.090287502,0.5
-0.824378811,-0.533955012,1.309607569,-0.875885763,0.677864147,0.597480139,-0.600391152,-0.291881672,-1.018742625,-0.450503566,-0.041873916,-0.320674172,-0.385657477,2.349827001,2.252714891,0.244042426,0.123280873,0.058676829,-0.201010489,-0.82771777,-0.822181396,-0.19765661,-0.23511864,1.105481866,-0.301079295,-0.459662044,0,-0.32098555,1.948838278,1.912993537,0.560334753,0.700050052,0.672200431,-0.04600969,0.6
-0.673901084,0.870610333,-0.209130499,0.61285309,0.158317309,0.661172783,-0.938077558,-1.599474361,-1.018818113,-1.135565124,3.457679937,1.144032039,-0.385657477,8.973579187,0.296367772,-0.82501017,3.465440171,2.238303017,1.965570661,-0.527889605,-0.659002801,-0.19765661,-0.23511864,-0.136703378,-0.301079295,-0.459662044,0,-0.32098555,3.471012836,3.612909328,4.490557881,4.573293497,-0.552446118,2.857891527,0.7
0.802017438,-1.341957656,0.545310767,-0.834046206,0.666025656,0.022093269,-0.177199238,-1.042072288,-0.697470898,0.133302723,0.213199853,0.136779845,-0.385657477,1.473140349,2.247230133,-0.083805374,-0.052000682,-0.230398361,-0.204896386,-0.82771777,-0.822181396,-0.19765661,-0.227245713,2.448937501,0.490833404,-0.080475609,0,-0.316763476,1.044400419,0.835952012,0.016175466,0.101610069,-0.293438103,-0.037722366,0.8
-1.02690534,-0.070297419,1.049421423,-0.779717229,0.671748877,0.266722639,0.074543369,-1.342236213,-0.706123537,0.399945422,0.136536922,-0.292916725,-0.385657477,1.280634693,3.184174369,0.180554336,0.101242925,-0.114276603,-0.204896386,-0.82771777,-0.822181396,-0.19765661,-0.23511864,2.235961176,-0.285645502,-0.459662044,0,-0.310185287,0.791163682,0.77235128,-0.061312306,-0.014475763,0.413264662,-0.270429355,0.5
-0.731103234,-0.87628635,1.555503187,-0.395043096,0.339996206,-0.001291059,-0.881997047,-0.263578631,-0.986846068,0.985646854,0.241380899,-0.142100819,-0.385657477,1.172362281,2.760859361,-0.500928734,-0.171519197,-0.230398361,-0.204896386,-0.82771777,-0.822181396,-0.19765661,-0.23511864,3.741854944,0.108418514,-0.459662044,0,-0.317136444,0.120965128,-0.009730931,-0.431580049,-0.396133412,-0.850956604,0.216783694,0.5
0.442829167,-0.148328828,-0.280090356,-0.621101597,0.107778088,0.247193176,0.211765143,-0.472530177,-0.947516438,-0.632759966,0.990704781,2.245430159,-0.385657477,0.677406768,1.764067421,-0.236061979,0.218460928,-0.230398361,-0.204896386,-0.82771777,-0.822181396,-0.19765661,-0.23511864,1.606367406,-0.267463323,-0.459662044,0,-0.32098555,0.36776881,0.0316377,-0.057152747,0.076223899,-0.320699011,0.042107773,0.7
-0.622882951,0.552946988,0.052533977,-0.493085043,0.649136026,0.106604057,-0.422097854,-0.180133626,-0.971804541,-0.782779347,0.295087878,0.27039443,-0.385657477,0.545605839,3.672844149,-0.174166391,-0.260184716,-0.230398361,-0.204896386,-0.82771777,-0.822181396,-0.19765661,-0.23511864,4.468422651,0.535522061,-0.459662044,0,-0.051300747,-0.158784511,-0.217808806,-0.472491991,-0.448348401,-0.149424123,-0.552189293,0.7
-1.073800796,-0.634137271,1.646174116,-0.541169309,0.241902529,0.617842977,0.256127226,-1.035183534,-0.89884216,2.780732916,-0.687255405,-0.579737621,-0.385657477,2.150682165,1.872153099,0.647172399,-0.352390536,-0.229050439,-0.204896386,-0.824753785,-0.820094845,-0.19765661,-0.23511864,1.457872911,-0.301079295,-0.459662044,0,-0.32098555,1.076682444,0.753016239,-0.212767296,-0.183691644,0.132558445,-0.564031465,0.8
-0.771299339,-0.586814998,1.310593122,-0.982670303,-0.030639739,0.866783733,0.418338212,-1.276894579,-0.666570004,1.02089159,-0.15853343,-0.580914293,-0.385657477,2.384216193,1.934568636,0.102424125,0.767087898,-0.230398361,-0.204896386,-0.776822742,-0.805906406,-0.19765661,-0.23511864,1.082069287,-0.301079295,-0.459662044,0,-0.32098555,1.082065812,0.793588472,-0.301896486,-0.268063051,0.173958525,0.701542296,0.8
-0.233805268,-0.920084625,1.122845165,-0.634215487,0.409780916,0.467128226,-0.251024665,-1.351043814,-0.781200885,0.443918302,0.805769886,0.469108059,-0.385657477,4.013336757,3.126614814,0.808009966,0.488458293,-0.230398361,-0.204896386,-0.82771777,-0.822181396,-0.19765661,-0.23511864,0.742291309,-0.267747572,-0.459662044,0,-0.32098555,0.886127378,0.773622862,-0.514929837,-0.501612509,0.106628927,0.152781918,0.8
-0.349240236,0.539857849,-0.195825525,-0.224562515,-0.655244228,0.923336489,1.199222599,-0.284417199,0.939474094,-0.562249824,-0.852323616,-0.50650026,-0.385657477,-0.366534727,-0.3404115,-0.801704067,-1.016519387,-0.230398361,-0.204896386,-0.82771777,-0.822181396,-0.19765661,-0.23511864,-0.470088307,-0.301079295,-0.459662044,0,-0.32098555,-0.564679985,-0.544553868,-0.350269968,-0.348921857,-0.762053549,-1.002436678,0.8
1.703853128,-1.023287455,-0.628976324,0.36806046,0.367064123,2.104478858,1.039664872,-0.685575916,0.476618841,-0.324779444,-0.166655756,1.341154767,1.478104471,-0.291894073,-0.425589598,-0.555910526,0.340046562,-0.230398361,-0.204896386,-0.288003342,-0.411588292,-0.19765661,-0.23511864,0.447328802,0.270888223,-0.459662044,0,-0.32098555,-0.56091832,-0.544553868,0.809870185,0.791927754,-0.686843313,0.41327149,0.7
-0.838292847,1.478751887,-0.647209065,-0.059702172,-1.108503075,1.370383742,1.61204031,0.184128789,0.947090173,1.368874451,-1.054484317,2.2559611,-0.385657477,-0.479070258,-0.425589598,0.67656865,-0.952335673,0.494471882,-0.139997262,-0.814699831,-0.819279077,-0.19765661,-0.23511864,-0.410416412,-0.301079295,-0.459662044,0,-0.32098555,0.834638752,0.596422643,1.026745803,1.029279953,0.264439759,-0.780819471,0.7
0.422731114,0.158259092,-0.559987573,0.203824588,-1.024705837,0.446222522,1.321659385,-0.291561607,0.495279114,0.84845429,-1.03158602,1.688442224,-0.385657477,-0.480095579,-0.425589598,1.207810921,-0.948759839,1.122783211,0.081911175,-0.56164247,-0.662763513,-0.19765661,-0.23511864,-0.450414496,-0.301079295,-0.459662044,0,-0.32098555,1.428108843,1.146086047,2.120533806,2.082422327,1.033793726,-0.767518614,0.6
-0.508993987,0.782510356,-0.280583133,-0.380680264,0.346845808,1.494100716,2.091867748,0.335506389,1.526424166,0.347981907,-0.848678132,-0.163605425,-0.385657477,0.281603875,-0.425589598,0.664577705,-0.922176817,-0.230398361,-0.204896386,-0.699250625,-0.701157184,-0.19765661,-0.23511864,-0.470088307,-0.301079295,-0.03699082,0,-0.32098555,-0.380798721,-0.402402498,-0.220879737,-0.228735672,0.453180153,-0.841575144,0.8
-0.393043684,0.960220595,-0.565900895,0.726506811,0.290121342,1.526377487,1.854813682,0.323363598,0.969329975,-0.869991686,0.719050223,1.730100649,-0.385657477,-0.441683218,-0.425541381,-0.246904072,-0.010314826,-0.230398361,-0.204896386,-0.82771777,-0.822181396,-0.19765661,-0.23511864,-0.470088307,-0.301079295,-0.459662044,0,-0.32098555,-0.495417994,-0.524177914,0.285646586,0.27524763,-0.182764297,-0.389746072,0.7
-0.807372766,0.612351544,0.171293183,-1.180003137,-0.955692128,1.506188421,2.668562187,-0.837162597,0.463970393,-0.351473801,-0.997692067,-0.29231126,-0.378256894,-0.480095579,-0.424880896,-0.475574514,-0.846075559,-0.230398361,-0.204896386,-0.82771777,-0.822181396,-0.19765661,-0.23511864,-0.470088307,-0.301079295,-0.459662044,0,-0.32098555,-0.566424638,-0.544553868,-0.507649508,-0.520287932,-0.782394379,-0.425355787,0.7
0.205775214,0.645577821,-0.829536477,-0.614232416,-0.173798453,2.167601354,2.564184559,-0.773447213,0.424470051,-0.756762639,-0.491314306,3.955595116,-0.385657477,0.686055037,-0.425589598,-0.17672015,-0.213442652,0.517302381,-0.203282909,-0.01540997,-0.180966339,-0.19765661,-0.23511864,-0.167741781,-0.301079295,-0.459662044,0,-0.32098555,1.333512777,0.787154829,1.915927407,1.886673066,-0.234788206,-0.247052498,0.5
-0.478073906,0.670245814,-0.200260516,-0.329473642,-0.535344385,1.895711743,2.333665485,-0.016901295,1.143508432,-0.220633684,0.003064009,-0.150484421,-0.361678068,-0.443312779,-0.425589598,-0.869918465,0.407657271,-0.230398361,-0.204896386,-0.401299885,-0.430813971,-0.19765661,-0.23511864,-0.470088307,-0.301079295,-0.394541468,0,-0.32098555,-0.566424638,-0.544553868,-0.479749281,-0.490357544,-0.804730428,0.62118248,0.8
-1.103174872,0.705989233,0.362490578,0.150744553,0.559966435,1.31560295,2.281814218,-0.130015639,0.593271144,0.101822836,-0.992695746,0.244436512,-0.385657477,-0.455623597,-0.368439645,-0.678824126,-0.493167041,-0.230398361,-0.204896386,-0.82771777,-0.822181396,-0.19765661,-0.23511864,-0.470088307,-0.301079295,-0.459662044,0,-0.32098555,-0.497242194,-0.538079013,-0.305456364,-0.309929141,-0.748629585,-0.328330585,0.9
-1.212425824,1.299531363,-0.114024578,-0.09592149,-2.479654399,1.176684115,2.331051625,-0.418073295,1.034744943,0.367877282,-0.290889103,-0.568827176,-0.385657477,-0.077656098,-0.425589598,-0.18096825,-0.550909744,-0.230398361,-0.204896386,-0.461894733,-0.457476346,-0.19765661,-0.23511864,-0.470088307,-0.301079295,0.165085249,0,-0.32098555,-0.546809442,-0.538964486,-0.402341683,-0.410465806,-0.704824927,-0.594055976,0.8
0.65463172,-0.430248753,-0.206173838,-0.336967294,0.053133857,1.509969151,2.094554478,-0.217310032,0.366899301,-0.75927808,-0.84543592,-0.602525378,-0.385657477,-0.395926001,-0.332240854,-1.072137949,-0.395943721,-0.230398361,-0.204896386,-0.82771777,-0.822181396,-0.19765661,-0.23511864,-0.470088307,-0.301079295,-0.459662044,0,-0.316847059,-0.566424638,-0.544553868,-0.587420007,-0.595674131,-1.091500533,-0.160876167,0.8
-0.591447535,0.074689971,0.491598097,-0.018487086,-1.532391876,2.250546202,1.630350717,1.851143551,1.778218364,-0.581914006,-0.581971304,-0.602525378,-0.385657477,-0.42463093,1.20099965,-1.030459136,-0.360080245,-0.230398361,-0.204896386,-0.82771777,-0.822181396,-0.19765661,-0.23511864,-0.470088307,-0.301079295,-0.459662044,0,-0.32098555,-0.566424638,-0.544553868,-0.195070814,-0.184175361,-1.030861461,-0.377393678,0.8
-0.72079654,0.937566315,-0.229827124,0.159487147,0.307580667,1.559597615,2.349741124,1.63797684,1.78312538,-0.652098631,-0.027445376,0.247939064,-0.385657477,-0.348714387,-0.374985888,-1.016825655,0.472976822,-0.230398361,-0.204896386,-0.82771777,-0.822181396,-0.19765661,-0.23511864,-0.470088307,-0.301079295,-0.459662044,0,-0.32098555,-0.566424638,-0.544553868,0.103471543,0.112682119,-0.960708209,0.6667728,0.8
-0.43993914,1.377562771,-0.929077389,-1.159395594,-0.300265624,1.129759427,0.091840685,0.297282269,0.844900869,-1.128887094,0.290749713,-0.233269696,-0.385657477,-0.245783403,0.220333143,-0.033303266,-0.00082994,-0.230398361,-0.204896386,-0.821328643,-0.702578241,-0.19765661,-0.23511864,-0.470088307,-0.301079295,-0.383203365,0,-0.32098555,-0.5617929,-0.540501387,-0.014953059,0.012364413,0.489843935,-0.05356323,0.8
-0.983101892,1.186763393,-0.222928249,-0.962687231,0.52673483,1.542222133,0.242000946,0.608071331,1.464591586,-0.517889766,-0.612375682,-0.465811196,-0.385657477,-0.394016814,1.050393236,-0.702210039,-0.905731642,-0.230398361,-0.204896386,-0.82771777,-0.822181396,-0.19765661,-0.23511864,-0.470088307,-0.301079295,-0.391317678,0,-0.32098555,-0.566424638,-0.544553868,-0.344918183,-0.329884851,-0.530997736,-0.851720649,0.7
0.483540606,0.191485369,-0.651151279,0.275638752,0.082962216,1.796843538,0.568684533,0.705847948,1.137254325,-1.038585593,-0.597245792,-0.602525378,-0.385657477,-0.386460846,3.528795142,-0.718792452,-0.843885105,-0.230398361,-0.204896386,-0.82771777,-0.822181396,-0.19765661,-0.23511864,-0.470088307,-0.301079295,-0.459662044,0,-0.32098555,-0.566424638,-0.544553868,-0.511313247,-0.510600186,-0.237691758,-0.904826338,-0.6
-0.908378363,1.033721147,-0.144576739,0.064567556,0.111352251,1.456333154,0.014893797,0.936108389,1.347006673,-0.377591456,-0.810275682,-0.497494879,-0.385657477,0.090846575,2.340838747,-0.206373823,-0.759388864,-0.230398361,-0.204896386,-0.82771777,-0.822181396,-0.19765661,-0.23511864,-0.470088307,-0.301079295,-0.150291008,0,-0.32098555,-0.566424638,-0.544553868,0.014253585,0.059886205,0.056887771,-0.533299549,0.6
0.075910875,0.543885276,-0.606308592,-0.547414019,0.429364767,2.334409703,1.573186254,-1.220363717,0.776951944,-0.799720025,-0.003130286,1.185427513,-0.232290162,1.065359097,-0.388163024,-0.363163465,0.045372806,-0.230398361,-0.204896386,-0.723408264,-0.763824603,-0.19765661,-0.23511864,-0.35818211,-0.301079295,-0.450919368,0,-0.32098555,0.434424948,0.268796637,2.768695281,2.701017443,-0.306284816,-0.126502059,0.8
